Comparison,Metric,Approach1_Value,Approach2_Value,Difference,Cohens_D,Significance,CI1_Lower,CI1_Upper,CI2_Lower,CI2_Upper,Overlap
RAW vs TH15,F1-Score,0.251,0.303,0.05199999999999999,4.6557377164861355,Significant,0.2297541627842064,0.2722458372157936,0.28048179423222175,0.32551820576777823,No
RAW vs TH15,Precision,0.187,0.222,0.035,3.47432514603063,Not significant,0.16789433510709456,0.20610566489290544,0.20163603388335172,0.2423639661166483,Yes
RAW vs TH15,Recall,0.382,0.478,0.09599999999999997,7.79310379516532,Significant,0.3581920501512625,0.4058079498487375,0.4535237274896687,0.5024762725103313,No
RAW vs TH15,Accuracy,0.541,0.557,0.016000000000000014,1.286357452179805,Not significant,0.5165825079297648,0.5654174920702353,0.5326597216326519,0.5813402783673483,Yes
RAW vs TH30,F1-Score,0.251,0.278,0.027000000000000024,2.4497575421314,Not significant,0.2297541627842064,0.2722458372157936,0.256047343759809,0.2999526562401911,Yes
RAW vs TH30,Precision,0.187,0.211,0.023999999999999994,2.405607088620369,Not significant,0.16789433510709456,0.20610566489290544,0.19100709928499618,0.2309929007150038,Yes
RAW vs TH30,Recall,0.382,0.41,0.02799999999999997,2.2910257752552274,Not significant,0.3581920501512625,0.4058079498487375,0.3859001680503784,0.43409983194962154,Yes
RAW vs TH30,Accuracy,0.541,0.573,0.03199999999999992,2.5781365299963332,Not significant,0.5165825079297648,0.5654174920702353,0.548762527545142,0.5972374724548579,Yes
TH15 vs TH30,F1-Score,0.303,0.278,-0.024999999999999967,2.2035119575769646,Not significant,0.28048179423222175,0.32551820576777823,0.256047343759809,0.2999526562401911,Yes
TH15 vs TH30,Precision,0.222,0.211,-0.01100000000000001,1.0684223231969163,Not significant,0.20163603388335172,0.2423639661166483,0.19100709928499618,0.2309929007150038,Yes
TH15 vs TH30,Recall,0.478,0.41,-0.068,5.487306963477606,Significant,0.4535237274896687,0.5024762725103313,0.3859001680503784,0.43409983194962154,No
TH15 vs TH30,Accuracy,0.557,0.573,0.015999999999999903,1.2911231681958923,Not significant,0.5326597216326519,0.5813402783673483,0.548762527545142,0.5972374724548579,Yes
