dataset,model,strategy,n_instances,n_labels,hamming_loss,subset_accuracy,jaccard_index,example_precision,example_recall,example_f1,micro_f1,macro_f1,weighted_f1,image_subset_accuracy,f1_Impacted,f1_Caries,f1_Deep Caries,f1_Periapical Lesion,support_Impacted,support_Caries,support_Deep Caries,support_Periapical Lesion,n_any,hamming_any,jaccard_any,example_p_any,example_r_any,example_f1_any,subset_any
DENTEX pathology,LLaVA-1.5-7B,zero_shot,24064,4,0.055227726063829786,0.7896442819148937,0.7896858377659575,0.7897273936170213,0.7896858377659575,0.7896996897163121,0.04008667388949079,0.02353173491997285,0.04194340444442799,0.013297872340425532,0.0024096385542168677,0.06181015452538631,0.016544117647058824,0.013363028953229399,642,2286,602,166,5171,0.25701024946818796,0.02127248114484626,0.021465867337072134,0.02127248114484626,0.021336943208921547,0.02107909495262038
DENTEX pathology,LLaVA-Med-v1.5-7B,zero_shot,24064,4,0.038397606382978726,0.8492769281914894,0.8492769281914894,0.8492769281914894,0.8492769281914894,0.8492769281914894,0.0,0.0,0.0,0.0398936170212766,0.0,0.0,0.0,0.0,642,2286,602,166,3627,0.2547559966914806,0.0,0.0,0.0,0.0,0.0
DENTEX pathology,HuatuoGPT-Vision-7B,zero_shot,24064,4,0.05682762632978723,0.7888547207446809,0.7889793882978723,0.7891040558510638,0.7889793882978723,0.7890209441489362,0.03185840707964602,0.024359489906506288,0.03594031521973838,0.0,0.0031372549019607846,0.04893393918210417,0.02620967741935484,0.019157088122605363,642,2286,602,166,5165,0.2647628267182962,0.016844143272023233,0.017424975798644726,0.016844143272023233,0.017037754114230398,0.016263310745401743
DENTEX pathology,DentVLM,zero_shot,24064,4,0.038511884973404256,0.8491522606382979,0.8491522606382979,0.8491522606382979,0.8491522606382979,0.8491522606382979,0.0,0.0,0.0,0.0398936170212766,0.0,0.0,0.0,0.0,642,2286,602,166,3630,0.2553030303030303,0.0,0.0,0.0,0.0,0.0
DENTEX pathology,LLaVA-1.5-7B,few_shot,24064,4,0.06707114361702128,0.7600980718085106,0.7604997783687942,0.760652149822695,0.7607629654255319,0.7606382978723404,0.053927315357561546,0.04683886065220924,0.05405916647148016,0.0026595744680851063,0.027954256670902157,0.062005277044854874,0.05491803278688524,0.04247787610619468,642,2286,602,166,5935,0.27194608256107833,0.02892445942151081,0.02954226340915473,0.02999157540016849,0.02948609941027801,0.02729570345408593
DENTEX pathology,LLaVA-Med-v1.5-7B,few_shot,24064,4,0.08639461436170212,0.6729554521276596,0.6731424534574468,0.673329454787234,0.6731424534574468,0.6732047872340425,0.07249609636404193,0.04062069632395078,0.07202102338503238,0.0,0.014234875444839859,0.103962195565249,0.02761904761904762,0.01666666666666667,642,2286,602,166,8186,0.2539701930124603,0.03915221109210848,0.039701930124602984,0.03915221109210848,0.03933545076960664,0.038602492059613976
DENTEX pathology,HuatuoGPT-Vision-7B,few_shot,24064,4,0.08136635638297872,0.7000498670212766,0.7003823138297872,0.700693982712766,0.7004030917553191,0.700493129432624,0.09831913423900529,0.07358855197186721,0.10290953575833521,0.005319148936170213,0.06964006259780907,0.13,0.05216095380029806,0.04255319148936171,642,2286,602,166,7629,0.25665224800104863,0.054922008126884254,0.05590509896447765,0.05498754751605715,0.055271551535806346,0.05387337790011797
DENTEX pathology,DentVLM,few_shot,24064,4,0.0384287732712766,0.8491522606382979,0.8491522606382979,0.8491522606382979,0.8491522606382979,0.8491522606382979,0.0,0.0,0.0,0.0398936170212766,0.0,0.0,0.0,0.0,642,2286,602,166,3630,0.2547520661157025,0.0,0.0,0.0,0.0,0.0
DENTEX pathology,LLaVA-1.5-7B,cot,24064,4,0.03999750664893617,0.8452875664893617,0.845453789893617,0.845453789893617,0.8456200132978723,0.8455091976950354,0.007731958762886597,0.007030173861870144,0.0077029299290733875,0.03856382978723404,0.0029895366218236174,0.0067825349724459525,0.018348623853211007,0.0,642,2286,602,166,3730,0.25804289544235925,0.0029490616621983914,0.0029490616621983914,0.004021447721179625,0.003306523681858802,0.0018766756032171583
DENTEX pathology,LLaVA-Med-v1.5-7B,cot,24064,4,0.038480718085106384,0.8491522606382979,0.8491522606382979,0.8491522606382979,0.8491522606382979,0.8491522606382979,0.0,0.0,0.0,0.0398936170212766,0.0,0.0,0.0,0.0,642,2286,602,166,3630,0.2550964187327824,0.0,0.0,0.0,0.0,0.0
DENTEX pathology,HuatuoGPT-Vision-7B,cot,24064,4,0.06930477061170212,0.7759308510638298,0.7776761968085106,0.7778562721631205,0.7798786569148937,0.7783618683510638,0.060554851429376146,0.053612954316414226,0.06645381418303961,0.007978723404255319,0.05618729096989966,0.07212885154061624,0.06962380685008424,0.01651186790505676,642,2286,602,166,5507,0.3028418376611585,0.028509170147085528,0.029296047454754556,0.0381332849101144,0.03150535681859452,0.020882513165062646
DENTEX pathology,DentVLM,cot,24064,4,0.038397606382978726,0.8492769281914894,0.8492769281914894,0.8492769281914894,0.8492769281914894,0.8492769281914894,0.0,0.0,0.0,0.0398936170212766,0.0,0.0,0.0,0.0,642,2286,602,166,3627,0.2547559966914806,0.0,0.0,0.0,0.0,0.0
