strategy,model,n_slots,TP,FP,FN,TN,GT_abnormal,sensitivity,specificity,PPV,NPV,accuracy
zero_shot,LLaVA-1.5-7B,24064,297,1544,3330,18893,3627,0.081886,0.924451,0.161325,0.850155,0.797457
zero_shot,LLaVA-Med-v1.5-7B,24064,0,0,3627,20437,3627,0.0,1.0,,0.849277,0.849277
zero_shot,HuatuoGPT-Vision-7B,24064,416,1538,3211,18899,3627,0.114695,0.924744,0.212897,0.854772,0.802651
zero_shot,DentVLM,24064,2,3,3625,20434,3627,0.000551,0.999853,0.4,0.849329,0.849235
few_shot,LLaVA-1.5-7B,24064,649,2308,2978,18129,3627,0.178936,0.887068,0.219479,0.858909,0.780336
few_shot,LLaVA-Med-v1.5-7B,24064,711,4559,2916,15878,3627,0.19603,0.776924,0.134915,0.844844,0.68937
few_shot,HuatuoGPT-Vision-7B,24064,986,4002,2641,16435,3627,0.27185,0.804179,0.197674,0.861554,0.723944
few_shot,DentVLM,24064,0,3,3627,20434,3627,0.0,0.999853,0.0,0.849258,0.849152
cot,LLaVA-1.5-7B,24064,24,103,3603,20334,3627,0.006617,0.99496,0.188976,0.84948,0.845994
cot,LLaVA-Med-v1.5-7B,24064,3,3,3624,20434,3627,0.000827,0.999853,0.5,0.849364,0.849277
cot,HuatuoGPT-Vision-7B,24064,603,1880,3024,18557,3627,0.166253,0.90801,0.242851,0.859877,0.79621
cot,DentVLM,24064,0,0,3627,20437,3627,0.0,1.0,,0.849277,0.849277
