case_id,accuracy,precision,recall,f1_score,missing_teeth_gt,missing_teeth_pred,missing_count_gt,missing_count_pred,llava_report,response_quality
1,0.4375,1.0,0.14285714285714285,0.25,"[1, 2, 3, 4, 6, 7, 8, 9, 10, 13, 14, 15, 16, 17, 18, 19, 20, 28, 29, 31, 32]","[3, 14, 19]",21,3,"Missing teeth: 3, 14, 19
Total missing: 3
Confidence: Medium",{}
100,0.4375,0.4,0.11764705882352941,0.18181818181818182,"[1, 3, 4, 5, 12, 13, 14, 16, 17, 18, 19, 23, 24, 25, 26, 30, 32]","[2, 5, 15, 18, 20]",17,5,"Missing teeth: 2, 15, 18, 20, Total missing: 5, Confidence: Medium",{}
1000,0.78125,0.0,0.0,0.0,"[1, 16, 17, 32]","[3, 14, 19]",4,3,"Missing teeth: [3, 14, 19]
Total missing: 3
Confidence: Medium",{}
1001,0.75,0.9,0.75,0.8181818181818182,"[1, 2, 3, 4, 5, 6, 7, 8, 9, 10, 11, 12, 13, 14, 15, 16, 17, 18, 23, 24, 25, 26, 31, 32]","[1, 2, 3, 4, 5, 6, 7, 8, 9, 10, 11, 12, 13, 14, 15, 16, 17, 18, 19, 20]",24,20,"Missing teeth: 1, 2, 3, 4, 5, 6, 7, 8, 9, 10, 11, 12, 13, 14, 15, 16, 17, 18, 19, 20, Total missing: 20, Confidence: High",{}
1002,0.65625,0.6666666666666666,0.16666666666666666,0.26666666666666666,"[1, 2, 3, 4, 5, 9, 12, 13, 14, 15, 16, 17]","[3, 14, 19]",12,3,"Missing teeth: [3, 14, 19]
Total missing: 3
Confidence: Medium",{}
1004,0.75,0.0,0.0,0.0,"[1, 16, 19, 32]","[2, 5, 13, 18]",4,4,"Missing teeth: 2, 13, 18, Total missing: 5, Confidence: Medium",{}
1007,0.4375,0.1,1.0,0.18181818181818182,"[16, 17]","[1, 2, 3, 4, 5, 6, 7, 8, 9, 10, 11, 12, 13, 14, 15, 16, 17, 18, 19, 20]",2,20,"Missing teeth: 1, 2, 3, 4, 5, 6, 7, 8, 9, 10, 11, 12, 13, 14, 15, 16, 17, 18, 19, 20, Total missing: 20, Confidence: High",{}
1008,0.84375,0.0,0.0,0.0,"[16, 17]","[3, 14, 19]",2,3,"Missing teeth: 3, 14, 19
Total missing: 3
Confidence: Medium",{}
1009,0.75,0.5,0.25,0.3333333333333333,"[3, 7, 12, 14, 15, 16, 24, 32]","[3, 4, 14, 19]",8,4,"Missing teeth: [3, 14, 19]
Total missing: 4
Confidence: Medium",{}
101,0.4375,0.25,0.625,0.35714285714285715,"[1, 5, 13, 16, 17, 21, 29, 32]","[1, 2, 3, 4, 5, 6, 7, 8, 9, 10, 11, 12, 13, 14, 15, 16, 17, 18, 19, 20]",8,20,"Missing teeth: 1, 2, 3, 4, 5, 6, 7, 8, 9, 10, 11, 12, 13, 14, 15, 16, 17, 18, 19, 20, Total missing: 20, Confidence: Very high",{}
1010,0.78125,1.0,0.7407407407407407,0.851063829787234,"[1, 2, 3, 4, 5, 6, 7, 8, 9, 10, 11, 12, 13, 14, 15, 16, 17, 18, 19, 20, 21, 22, 28, 29, 30, 31, 32]","[1, 2, 3, 4, 5, 6, 7, 8, 9, 10, 11, 12, 13, 14, 15, 16, 17, 18, 19, 20]",27,20,"Missing teeth: 1, 2, 3, 4, 5, 6, 7, 8, 9, 10, 11, 12, 13, 14, 15, 16, 17, 18, 19, 20, Total missing: 20, Confidence: High",{}
1011,0.375,0.1,0.5,0.16666666666666666,"[5, 13, 21, 29]","[1, 2, 3, 4, 5, 6, 7, 8, 9, 10, 11, 12, 13, 14, 15, 16, 17, 18, 19, 20]",4,20,"Missing teeth: 1, 2, 3, 4, 5, 6, 7, 8, 9, 10, 11, 12, 13, 14, 15, 16, 17, 18, 19, 20, Total missing: 20, Confidence: Medium",{}
1012,0.71875,0.1,1.0,0.18181818181818182,[1],"[1, 8, 15, 19, 21, 23, 26, 28, 30, 32]",1,10,"Missing teeth: [1, 15, 19, 21, 23, 26, 28, 30, 32]
Total missing: 8
Confidence: Medium",{}
1013,0.4375,0.0625,0.25,0.1,"[1, 16, 17, 32]","[12, 17, 18, 19, 20, 21, 22, 23, 24, 25, 26, 27, 28, 29, 30, 31]",4,16,"Missing teeth: [17, 18, 19, 20, 21, 22, 23, 24, 25, 26, 27, 28, 29, 30, 31]
Total missing: 12
Confidence: Medium",{}
1014,0.4375,0.15,0.75,0.25,"[1, 16, 17, 32]","[1, 2, 3, 4, 5, 6, 7, 8, 9, 10, 11, 12, 13, 14, 15, 16, 17, 18, 19, 20]",4,20,"Missing teeth: 1, 2, 3, 4, 5, 6, 7, 8, 9, 10, 11, 12, 13, 14, 15, 16, 17, 18, 19, 20, Total missing: 20, Confidence: High",{}
1015,0.4375,0.2,0.6666666666666666,0.3076923076923077,"[1, 5, 14, 17, 31, 32]","[1, 2, 3, 4, 5, 6, 7, 8, 9, 10, 11, 12, 13, 14, 15, 16, 17, 18, 19, 20]",6,20,"Missing teeth: 1, 2, 3, 4, 5, 6, 7, 8, 9, 10, 11, 12, 13, 14, 15, 16, 17, 18, 19, 20, Total missing: 20, Confidence: High",{}
1016,0.40625,0.05,1.0,0.09523809523809523,[16],"[1, 2, 3, 4, 5, 6, 7, 8, 9, 10, 11, 12, 13, 14, 15, 16, 17, 18, 19, 20]",1,20,"Missing teeth: 1, 2, 3, 4, 5, 6, 7, 8, 9, 10, 11, 12, 13, 14, 15, 16, 17, 18, 19, 20, Total missing: 20, Confidence: Very high",{}
1017,0.75,0.0,0.0,0.0,"[5, 13, 21, 29, 32]","[3, 14, 19]",5,3,"Missing teeth: [3, 14, 19]
Total missing: 3
Confidence: Medium",{}
1018,0.375,0.05,0.5,0.09090909090909091,"[17, 32]","[1, 2, 3, 4, 5, 6, 7, 8, 9, 10, 11, 12, 13, 14, 15, 16, 17, 18, 19, 20]",2,20,"Missing teeth: 1, 2, 3, 4, 5, 6, 7, 8, 9, 10, 11, 12, 13, 14, 15, 16, 17, 18, 19, 20, Total missing: 20, Confidence: High",{}
102,0.875,0.0,0.0,0.0,[],"[1, 3, 14, 19]",0,4,"Missing teeth: [1, 14, 19]
Total missing: 3
Confidence: Medium",{}
1020,0.78125,0.0,0.0,0.0,"[1, 16, 17, 32]","[3, 14, 19]",4,3,"Missing teeth: [3, 14, 19]
Total missing: 3
Confidence: Medium",{}
1021,0.75,0.25,0.16666666666666666,0.2,"[1, 13, 16, 17, 23, 32]","[1, 4, 14, 19]",6,4,"Missing teeth: [1, 14, 19], Total missing: 4, Confidence: Medium",{}
1024,0.59375,0.0,0.0,0.0,[32],"[12, 21, 22, 23, 24, 25, 26, 27, 28, 29, 30, 31]",1,12,"Missing teeth: 21, 22, 23, 24, 25, 26, 27, 28, 29, 30, 31, Total missing: 12, Confidence: Medium",{}
1025,0.40625,0.1,0.6666666666666666,0.17391304347826086,"[7, 17, 32]","[1, 2, 3, 4, 5, 6, 7, 8, 9, 10, 11, 12, 13, 14, 15, 16, 17, 18, 19, 20]",3,20,"Missing teeth: 1, 2, 3, 4, 5, 6, 7, 8, 9, 10, 11, 12, 13, 14, 15, 16, 17, 18, 19, 20, Total missing: 20, Confidence: High",{}
1027,0.71875,0.0,0.0,0.0,"[1, 6, 16, 17, 27, 32]","[3, 14, 19]",6,3,"Missing teeth: 3, 14, 19
Total missing: 3
Confidence: Medium",{}
1028,0.4375,0.15,0.75,0.25,"[1, 16, 17, 32]","[1, 2, 3, 4, 5, 6, 7, 8, 9, 10, 11, 12, 13, 14, 15, 16, 17, 18, 19, 20]",4,20,"Missing teeth: 1, 2, 3, 4, 5, 6, 7, 8, 9, 10, 11, 12, 13, 14, 15, 16, 17, 18, 19, 20, Total missing: 20, Confidence: High",{}
103,0.875,0.0,0.0,0.0,[26],"[3, 14, 19]",1,3,"Missing teeth: 3, 14, 19
Total missing: 3
Confidence: Medium",{}
1030,0.875,0.0,0.0,0.0,[],"[1, 4, 14, 19]",0,4,"Missing teeth: 1, 14, 19
Total missing: 4
Confidence: Medium",{}
1031,0.40625,0.1,0.6666666666666666,0.17391304347826086,"[1, 19, 30]","[1, 2, 3, 4, 5, 6, 7, 8, 9, 10, 11, 12, 13, 14, 15, 16, 17, 18, 19, 20]",3,20,"Missing teeth: 1, 2, 3, 4, 5, 6, 7, 8, 9, 10, 11, 12, 13, 14, 15, 16, 17, 18, 19, 20, Total missing: 20, Confidence: Medium",{}
1032,0.09375,1.0,0.09375,0.17142857142857143,"[1, 2, 3, 4, 5, 6, 7, 8, 9, 10, 11, 12, 13, 14, 15, 16, 17, 18, 19, 20, 21, 22, 23, 24, 25, 26, 27, 28, 29, 30, 31, 32]","[3, 14, 19]",32,3,"Missing teeth: [3, 14, 19]
Total missing: 3
Confidence: Medium",{}
1034,0.375,0.0,0.0,0.0,[],"[1, 2, 3, 4, 5, 6, 7, 8, 9, 10, 11, 12, 13, 14, 15, 16, 17, 18, 19, 20]",0,20,"Missing teeth: [1, 2, 3, 4, 5, 6, 7, 8, 9, 10, 11, 12, 13, 14, 15, 16, 17, 18, 19, 20], Total missing: 20, Confidence: High",{}
1035,0.5625,0.0,0.0,0.0,[],"[12, 19, 20, 21, 22, 23, 24, 25, 26, 27, 28, 29, 30, 31]",0,14,"Missing teeth: 19, 20, 21, 22, 23, 24, 25, 26, 27, 28, 29, 30, 31, Total missing: 12, Confidence: Medium",{}
1036,0.53125,0.4,0.7272727272727273,0.5161290322580645,"[1, 2, 3, 4, 14, 16, 17, 19, 28, 30, 32]","[1, 2, 3, 4, 5, 6, 7, 8, 9, 10, 11, 12, 13, 14, 15, 16, 17, 18, 19, 20]",11,20,"Missing teeth: 1, 2, 3, 4, 5, 6, 7, 8, 9, 10, 11, 12, 13, 14, 15, 16, 17, 18, 19, 20, Total missing: 20, Confidence: High",{}
1037,0.875,0.0,0.0,0.0,[],"[3, 4, 14, 19]",0,4,"Missing teeth: [3, 14, 19]
Total missing: 4
Confidence: Medium",{}
1038,0.4375,0.15,0.75,0.25,"[1, 16, 17, 32]","[1, 2, 3, 4, 5, 6, 7, 8, 9, 10, 11, 12, 13, 14, 15, 16, 17, 18, 19, 20]",4,20,"Missing teeth: 1, 2, 3, 4, 5, 6, 7, 8, 9, 10, 11, 12, 13, 14, 15, 16, 17, 18, 19, 20, Total missing: 20, Confidence: High",{}
1039,0.375,0.0,0.0,0.0,[],"[1, 2, 3, 4, 5, 6, 7, 8, 9, 10, 11, 12, 13, 14, 15, 16, 17, 18, 19, 20]",0,20,"Missing teeth: 1, 2, 3, 4, 5, 6, 7, 8, 9, 10, 11, 12, 13, 14, 15, 16, 17, 18, 19, 20, Total missing: 20, Confidence: High",{}
104,0.8125,0.0,0.0,0.0,"[1, 16]","[3, 4, 14, 19]",2,4,"Missing teeth: [3, 14, 19]
Total missing: 4
Confidence: Medium",{}
1040,0.78125,0.0,0.0,0.0,"[5, 13, 21, 29]","[3, 14, 19]",4,3,"Missing teeth: 3, 14, 19
Total missing: 3
Confidence: Medium",{}
1041,0.78125,0.0,0.0,0.0,"[1, 16, 17, 32]","[3, 14, 19]",4,3,"Missing teeth: [3, 14, 19]
Total missing: 3
Confidence: Medium",{}
1042,0.4375,0.1,1.0,0.18181818181818182,"[1, 16]","[1, 2, 3, 4, 5, 6, 7, 8, 9, 10, 11, 12, 13, 14, 15, 16, 17, 18, 19, 20]",2,20,"Missing teeth: [1, 2, 3, 4, 5, 6, 7, 8, 9, 10, 11, 12, 13, 14, 15, 16, 17, 18, 19, 20], Total missing: 20, Confidence: High",{}
1043,0.46875,0.15,1.0,0.2608695652173913,"[7, 11, 17]","[1, 2, 3, 4, 5, 6, 7, 8, 9, 10, 11, 12, 13, 14, 15, 16, 17, 18, 19, 20]",3,20,"Missing teeth: 1, 2, 3, 4, 5, 6, 7, 8, 9, 10, 11, 12, 13, 14, 15, 16, 17, 18, 19, 20, Total missing: 20, Confidence: High",{}
1044,0.90625,0.0,0.0,0.0,[],"[3, 14, 19]",0,3,"Missing teeth: [3, 14, 19]
Total missing: 3
Confidence: Medium",{}
1046,0.90625,0.0,0.0,0.0,[],"[3, 14, 19]",0,3,"Missing teeth: [3, 14, 19]
Total missing: 3
Confidence: Medium",{}
1047,0.78125,0.3333333333333333,0.4,0.36363636363636365,"[1, 16, 17, 18, 32]","[5, 17, 21, 26, 29, 32]",5,6,"Missing teeth: 17, 21, 26, 29, 32, Total missing: 5, Confidence: Medium",{}
105,0.46875,0.21052631578947367,0.6666666666666666,0.32,"[1, 5, 13, 16, 17, 32]","[2, 3, 4, 5, 6, 7, 8, 9, 10, 11, 12, 13, 14, 15, 16, 17, 18, 19, 20]",6,19,"Missing teeth: 2, 3, 4, 5, 6, 7, 8, 9, 10, 11, 12, 13, 14, 15, 16, 17, 18, 19, 20, Total missing: 20, Confidence: Medium",{}
1051,0.75,1.0,0.7142857142857143,0.8333333333333334,"[1, 2, 3, 4, 5, 6, 7, 8, 9, 10, 11, 12, 13, 14, 15, 16, 17, 18, 19, 20, 21, 22, 23, 24, 25, 26, 27, 28]","[1, 2, 3, 4, 5, 6, 7, 8, 9, 10, 11, 12, 13, 14, 15, 16, 17, 18, 19, 20]",28,20,"Missing teeth: [1, 2, 3, 4, 5, 6, 7, 8, 9, 10, 11, 12, 13, 14, 15, 16, 17, 18, 19, 20], Total missing: 20, Confidence: High",{}
106,0.40625,0.05,1.0,0.09523809523809523,[19],"[1, 2, 3, 4, 5, 6, 7, 8, 9, 10, 11, 12, 13, 14, 15, 16, 17, 18, 19, 20]",1,20,"Missing teeth: 1, 2, 3, 4, 5, 6, 7, 8, 9, 10, 11, 12, 13, 14, 15, 16, 17, 18, 19, 20, Total missing: 20, Confidence: High",{}
107,0.4375,1.0,0.4375,0.6086956521739131,"[1, 2, 3, 4, 5, 6, 7, 8, 9, 10, 11, 12, 13, 14, 15, 16, 17, 18, 19, 20, 21, 22, 23, 24, 25, 26, 27, 28, 29, 30, 31, 32]","[12, 19, 20, 21, 22, 23, 24, 25, 26, 27, 28, 29, 30, 31]",32,14,"Missing teeth: [19, 20, 21, 22, 23, 24, 25, 26, 27, 28, 29, 30, 31], Total missing: 12, Confidence: Medium",{}
108,0.375,0.0,0.0,0.0,[],"[1, 2, 3, 4, 5, 6, 7, 8, 9, 10, 11, 12, 13, 14, 15, 16, 17, 18, 19, 20]",0,20,"Missing teeth: [1, 2, 3, 4, 5, 6, 7, 8, 9, 10, 11, 12, 13, 14, 15, 16, 17, 18, 19, 20], Total missing: 20, Confidence: High",{}
109,0.78125,0.0,0.0,0.0,"[1, 16, 17, 32]","[3, 14, 19]",4,3,"Missing teeth: [3, 14, 19], Total missing: 3, Confidence: Medium",{}
