case_id,stratum,image_path,readability_1to5,clinical_usefulness_1to5,factual_accuracy_1to5,notes
pr_1,periapical,/home/s222393187/Dental/PR-Reports/images/1.jpg,,,,
pr_10,impacted,/home/s222393187/Dental/PR-Reports/images/10.jpg,,,,
pr_100,caries,/home/s222393187/Dental/PR-Reports/images/100.jpg,,,,
pr_101,periapical,/home/s222393187/Dental/PR-Reports/images/101.jpg,,,,
pr_102,impacted,/home/s222393187/Dental/PR-Reports/images/102.jpg,,,,
pr_103,impacted,/home/s222393187/Dental/PR-Reports/images/103.jpg,,,,
pr_104,periapical,/home/s222393187/Dental/PR-Reports/images/104.jpg,,,,
pr_105,caries,/home/s222393187/Dental/PR-Reports/images/105.jpg,,,,
pr_106,caries,/home/s222393187/Dental/PR-Reports/images/106.jpg,,,,
pr_107,impacted,/home/s222393187/Dental/PR-Reports/images/107.jpg,,,,
pr_108,periapical,/home/s222393187/Dental/PR-Reports/images/108.jpg,,,,
pr_109,impacted,/home/s222393187/Dental/PR-Reports/images/109.jpg,,,,
pr_11,mixed_dentition,/home/s222393187/Dental/PR-Reports/images/11.jpg,,,,
pr_110,caries,/home/s222393187/Dental/PR-Reports/images/110.jpg,,,,
pr_111,other,/home/s222393187/Dental/PR-Reports/images/111.jpg,,,,
pr_112,impacted,/home/s222393187/Dental/PR-Reports/images/112.jpg,,,,
pr_113,other,/home/s222393187/Dental/PR-Reports/images/113.jpg,,,,
pr_114,impacted,/home/s222393187/Dental/PR-Reports/images/114.jpg,,,,
pr_115,impacted,/home/s222393187/Dental/PR-Reports/images/115.jpg,,,,
pr_116,impacted,/home/s222393187/Dental/PR-Reports/images/116.jpg,,,,
pr_117,other,/home/s222393187/Dental/PR-Reports/images/117.jpg,,,,
pr_118,caries,/home/s222393187/Dental/PR-Reports/images/118.jpg,,,,
pr_119,periapical,/home/s222393187/Dental/PR-Reports/images/119.jpg,,,,
pr_12,periapical,/home/s222393187/Dental/PR-Reports/images/12.jpg,,,,
pr_120,other,/home/s222393187/Dental/PR-Reports/images/120.jpg,,,,
pr_121,impacted,/home/s222393187/Dental/PR-Reports/images/121.jpg,,,,
pr_13,mixed_dentition,/home/s222393187/Dental/PR-Reports/images/13.jpg,,,,
pr_14,periapical,/home/s222393187/Dental/PR-Reports/images/14.jpg,,,,
pr_15,impacted,/home/s222393187/Dental/PR-Reports/images/15.jpg,,,,
pr_16,periapical,/home/s222393187/Dental/PR-Reports/images/16.jpg,,,,
pr_17,caries,/home/s222393187/Dental/PR-Reports/images/17.jpg,,,,
pr_18,other,/home/s222393187/Dental/PR-Reports/images/18.jpg,,,,
pr_19,impacted,/home/s222393187/Dental/PR-Reports/images/19.jpg,,,,
pr_2,mixed_dentition,/home/s222393187/Dental/PR-Reports/images/2.jpg,,,,
pr_20,other,/home/s222393187/Dental/PR-Reports/images/20.jpg,,,,
pr_21,caries,/home/s222393187/Dental/PR-Reports/images/21.jpg,,,,
pr_22,periapical,/home/s222393187/Dental/PR-Reports/images/22.jpg,,,,
pr_23,mixed_dentition,/home/s222393187/Dental/PR-Reports/images/23.jpg,,,,
pr_24,impacted,/home/s222393187/Dental/PR-Reports/images/24.jpg,,,,
pr_25,periapical,/home/s222393187/Dental/PR-Reports/images/25.jpg,,,,
pr_26,impacted,/home/s222393187/Dental/PR-Reports/images/26.jpg,,,,
pr_27,impacted,/home/s222393187/Dental/PR-Reports/images/27.jpg,,,,
pr_28,periapical,/home/s222393187/Dental/PR-Reports/images/28.jpg,,,,
pr_29,periapical,/home/s222393187/Dental/PR-Reports/images/29.jpg,,,,
pr_3,impacted,/home/s222393187/Dental/PR-Reports/images/3.jpg,,,,
pr_30,impacted,/home/s222393187/Dental/PR-Reports/images/30.jpg,,,,
pr_31,impacted,/home/s222393187/Dental/PR-Reports/images/31.jpg,,,,
pr_32,periapical,/home/s222393187/Dental/PR-Reports/images/32.jpg,,,,
pr_33,caries,/home/s222393187/Dental/PR-Reports/images/33.jpg,,,,
pr_34,impacted,/home/s222393187/Dental/PR-Reports/images/34.jpg,,,,
pr_35,mixed_dentition,/home/s222393187/Dental/PR-Reports/images/35.jpg,,,,
pr_36,impacted,/home/s222393187/Dental/PR-Reports/images/36.jpg,,,,
pr_37,impacted,/home/s222393187/Dental/PR-Reports/images/37.jpg,,,,
pr_38,periapical,/home/s222393187/Dental/PR-Reports/images/38.jpg,,,,
pr_39,impacted,/home/s222393187/Dental/PR-Reports/images/39.jpg,,,,
pr_4,mixed_dentition,/home/s222393187/Dental/PR-Reports/images/4.jpg,,,,
pr_40,periapical,/home/s222393187/Dental/PR-Reports/images/40.jpg,,,,
pr_41,caries,/home/s222393187/Dental/PR-Reports/images/41.jpg,,,,
pr_42,periapical,/home/s222393187/Dental/PR-Reports/images/42.jpg,,,,
pr_43,periapical,/home/s222393187/Dental/PR-Reports/images/43.jpg,,,,
pr_44,periapical,/home/s222393187/Dental/PR-Reports/images/44.jpg,,,,
pr_45,impacted,/home/s222393187/Dental/PR-Reports/images/45.jpg,,,,
pr_46,other,/home/s222393187/Dental/PR-Reports/images/46.jpg,,,,
pr_47,impacted,/home/s222393187/Dental/PR-Reports/images/47.jpg,,,,
pr_48,caries,/home/s222393187/Dental/PR-Reports/images/48.jpg,,,,
pr_49,caries,/home/s222393187/Dental/PR-Reports/images/49.jpg,,,,
pr_5,caries,/home/s222393187/Dental/PR-Reports/images/5.jpg,,,,
pr_50,caries,/home/s222393187/Dental/PR-Reports/images/50.jpg,,,,
pr_51,periapical,/home/s222393187/Dental/PR-Reports/images/51.jpg,,,,
pr_52,periapical,/home/s222393187/Dental/PR-Reports/images/52.jpg,,,,
pr_53,other,/home/s222393187/Dental/PR-Reports/images/53.jpg,,,,
pr_54,caries,/home/s222393187/Dental/PR-Reports/images/54.jpg,,,,
pr_55,impacted,/home/s222393187/Dental/PR-Reports/images/55.jpg,,,,
pr_56,impacted,/home/s222393187/Dental/PR-Reports/images/56.jpg,,,,
pr_57,impacted,/home/s222393187/Dental/PR-Reports/images/57.jpg,,,,
pr_58,impacted,/home/s222393187/Dental/PR-Reports/images/58.jpg,,,,
pr_59,impacted,/home/s222393187/Dental/PR-Reports/images/59.jpg,,,,
pr_6,other,/home/s222393187/Dental/PR-Reports/images/6.jpg,,,,
pr_60,impacted,/home/s222393187/Dental/PR-Reports/images/60.jpg,,,,
pr_61,periapical,/home/s222393187/Dental/PR-Reports/images/61.jpg,,,,
pr_62,other,/home/s222393187/Dental/PR-Reports/images/62.jpg,,,,
pr_63,other,/home/s222393187/Dental/PR-Reports/images/63.jpg,,,,
pr_64,other,/home/s222393187/Dental/PR-Reports/images/64.jpg,,,,
pr_65,caries,/home/s222393187/Dental/PR-Reports/images/65.jpg,,,,
pr_66,other,/home/s222393187/Dental/PR-Reports/images/66.jpg,,,,
pr_67,impacted,/home/s222393187/Dental/PR-Reports/images/67.jpg,,,,
pr_68,caries,/home/s222393187/Dental/PR-Reports/images/68.jpg,,,,
pr_69,mixed_dentition,/home/s222393187/Dental/PR-Reports/images/69.jpg,,,,
pr_7,caries,/home/s222393187/Dental/PR-Reports/images/7.jpg,,,,
pr_70,periapical,/home/s222393187/Dental/PR-Reports/images/70.jpg,,,,
pr_71,impacted,/home/s222393187/Dental/PR-Reports/images/71.jpg,,,,
pr_72,caries,/home/s222393187/Dental/PR-Reports/images/72.jpg,,,,
pr_73,periapical,/home/s222393187/Dental/PR-Reports/images/73.jpg,,,,
pr_74,other,/home/s222393187/Dental/PR-Reports/images/74.jpg,,,,
pr_75,mixed_dentition,/home/s222393187/Dental/PR-Reports/images/75.jpg,,,,
pr_76,impacted,/home/s222393187/Dental/PR-Reports/images/76.jpg,,,,
pr_77,caries,/home/s222393187/Dental/PR-Reports/images/77.jpg,,,,
pr_78,periapical,/home/s222393187/Dental/PR-Reports/images/78.jpg,,,,
pr_79,caries,/home/s222393187/Dental/PR-Reports/images/79.jpg,,,,
pr_8,impacted,/home/s222393187/Dental/PR-Reports/images/8.jpg,,,,
pr_80,other,/home/s222393187/Dental/PR-Reports/images/80.jpg,,,,
pr_81,impacted,/home/s222393187/Dental/PR-Reports/images/81.jpg,,,,
pr_82,periapical,/home/s222393187/Dental/PR-Reports/images/82.jpg,,,,
pr_83,periapical,/home/s222393187/Dental/PR-Reports/images/83.jpg,,,,
pr_84,periapical,/home/s222393187/Dental/PR-Reports/images/84.jpg,,,,
pr_85,impacted,/home/s222393187/Dental/PR-Reports/images/85.jpg,,,,
pr_86,impacted,/home/s222393187/Dental/PR-Reports/images/86.jpg,,,,
pr_87,periapical,/home/s222393187/Dental/PR-Reports/images/87.jpg,,,,
pr_88,mixed_dentition,/home/s222393187/Dental/PR-Reports/images/88.jpg,,,,
pr_89,impacted,/home/s222393187/Dental/PR-Reports/images/89.jpg,,,,
pr_9,impacted,/home/s222393187/Dental/PR-Reports/images/9.jpg,,,,
pr_90,other,/home/s222393187/Dental/PR-Reports/images/90.jpg,,,,
pr_91,periapical,/home/s222393187/Dental/PR-Reports/images/91.jpg,,,,
pr_92,caries,/home/s222393187/Dental/PR-Reports/images/92.jpg,,,,
pr_93,periapical,/home/s222393187/Dental/PR-Reports/images/93.jpg,,,,
pr_94,impacted,/home/s222393187/Dental/PR-Reports/images/94.jpg,,,,
pr_95,other,/home/s222393187/Dental/PR-Reports/images/95.jpg,,,,
pr_96,periapical,/home/s222393187/Dental/PR-Reports/images/96.jpg,,,,
pr_97,periapical,/home/s222393187/Dental/PR-Reports/images/97.jpg,,,,
pr_98,periapical,/home/s222393187/Dental/PR-Reports/images/98.jpg,,,,
pr_99,other,/home/s222393187/Dental/PR-Reports/images/99.jpg,,,,
