strategy,model,n_slots,TP,FP,FN,TN,GT_missing,sensitivity,specificity,PPV,NPV,accuracy
zero_shot,LLaVA-1.5-7B,32000,1650,6523,5091,18736,6741,0.244771,0.741755,0.201884,0.786335,0.637062
zero_shot,LLaVA-Med-v1.5-7B,32000,316,1202,6425,24057,6741,0.046877,0.952413,0.208169,0.78922,0.761656
zero_shot,HuatuoGPT-Vision-7B,32000,1926,7201,4815,18058,6741,0.285714,0.714913,0.211022,0.78949,0.6245
zero_shot,DentVLM,32000,8,57,6733,25202,6741,0.001187,0.997743,0.123077,0.789165,0.787813
few_shot,LLaVA-1.5-7B,32000,1377,4414,5364,20845,6741,0.204272,0.82525,0.237783,0.795337,0.694438
few_shot,LLaVA-Med-v1.5-7B,32000,515,1535,6226,23724,6741,0.076398,0.93923,0.25122,0.79212,0.757469
few_shot,HuatuoGPT-Vision-7B,32000,2717,7967,4024,17292,6741,0.403056,0.684588,0.254306,0.811222,0.625281
few_shot,DentVLM,32000,2,2,6739,25257,6741,0.000297,0.999921,0.5,0.78938,0.789344
cot,LLaVA-1.5-7B,32000,710,2602,6031,22657,6741,0.105326,0.896987,0.214372,0.789773,0.730219
cot,LLaVA-Med-v1.5-7B,32000,84,308,6657,24951,6741,0.012461,0.987806,0.214286,0.789389,0.782344
cot,HuatuoGPT-Vision-7B,32000,2159,7492,4582,17767,6741,0.320279,0.703393,0.223707,0.79498,0.622687
cot,DentVLM,32000,3,11,6738,25248,6741,0.000445,0.999565,0.214286,0.789345,0.789094
