dataset,model,strategy,n_patients,n_slots,hamming_loss,accuracy,subset_accuracy_patient,jaccard_index,example_precision,example_recall,example_f1,micro_f1,macro_f1,weighted_f1,missing_f1,present_f1
Tufts missing teeth,LLaVA-1.5-7B,zero_shot,1000,32000,0.3629375,0.6370625,0.025,0.10458427631507354,0.1897214376609167,0.21480833121212953,0.15498197604835673,0.6370625,0.4923317323413039,0.6491925748734199,0.22126860667828885,0.7633948580043189
Tufts missing teeth,LLaVA-Med-v1.5-7B,zero_shot,1000,32000,0.23834375,0.76165625,0.122,0.1430611385071151,0.1683616314052678,0.1654065125869459,0.15676093246536313,0.76165625,0.46984665875463894,0.6974583857535688,0.0765225814263228,0.863170736082955
Tufts missing teeth,HuatuoGPT-Vision-7B,zero_shot,1000,32000,0.3755,0.6245,0.001,0.10671481452497442,0.20024546920769662,0.22072721275865245,0.17611294150435125,0.6245,0.496552952617844,0.6434239806009066,0.24275270985631459,0.7503531953793734
Tufts missing teeth,DentVLM,zero_shot,1000,32000,0.2121875,0.7878125,0.156,0.1566945701357466,0.15696507936507936,0.15777222222222223,0.1572077251953413,0.7878125,0.4418160600802394,0.6961290740690513,0.0023508668821627973,0.881281253278316
Tufts missing teeth,LLaVA-1.5-7B,few_shot,1000,32000,0.3055625,0.6944375,0.006,0.10889952262549972,0.24443336457073536,0.18516794461381972,0.1718799953959176,0.6944375,0.5148876480934075,0.6856758213832309,0.21975742100223428,0.8100178751845808
Tufts missing teeth,LLaVA-Med-v1.5-7B,few_shot,1000,32000,0.24253125,0.75746875,0.124,0.15535130564333968,0.18815204799643653,0.188183828334701,0.17402045441647282,0.75746875,0.4882951882050904,0.7030634254112663,0.11716528267546354,0.8594250937347172
Tufts missing teeth,HuatuoGPT-Vision-7B,few_shot,1000,32000,0.37471875,0.62528125,0.033,0.16769329399201993,0.2360028640063416,0.35524182189244957,0.24662888886195325,0.62528125,0.5271975362549874,0.651816007001481,0.31185078909612624,0.7425442834138487
Tufts missing teeth,DentVLM,few_shot,1000,32000,0.21065625,0.78934375,0.157,0.15711764705882353,0.1575,0.15713333333333332,0.15721052631578947,0.78934375,0.4414282948216719,0.696534151047856,0.0005930318754633061,0.8822635577678805
Tufts missing teeth,LLaVA-1.5-7B,cot,1000,32000,0.26978125,0.73021875,0.053,0.10027608112073046,0.21840630407600356,0.13715895938876208,0.13039033336634792,0.73021875,0.4906119667086112,0.69278257831794,0.14125136775092012,0.8399725656663022
Tufts missing teeth,LLaVA-Med-v1.5-7B,cot,1000,32000,0.21765625,0.78234375,0.149,0.154232536037533,0.16536085937009853,0.1582309731934732,0.1576525029815156,0.78234375,0.45053686810467125,0.6976273832024995,0.023552502453385672,0.8775212337559568
Tufts missing teeth,HuatuoGPT-Vision-7B,cot,1000,32000,0.3773125,0.6226875,0.013,0.11706409009402322,0.1967429926242401,0.25250135200267426,0.1781731101861804,0.6226875,0.5049041714427381,0.6446473594375726,0.26342118106393364,0.7463871618215426
Tufts missing teeth,DentVLM,cot,1000,32000,0.21090625,0.78909375,0.157,0.15726465201465203,0.1585,0.15739957264957263,0.15747792022792023,0.78909375,0.44149573569886313,0.696469791108982,0.0008882309400444115,0.8821032404576818
