Comparison,Metric,Strategy1_Value,Strategy2_Value,Difference,Cohens_D,Significance,CI1_Lower,CI1_Upper,CI2_Lower,CI2_Upper,Overlap
baseline vs few_shot,F1-Score,0.0,0.0,0.0,0,Not significant,0,0.0,0,0.0,Yes
baseline vs few_shot,Precision,0.0,0.0,0.0,0,Not significant,0,0.0,0,0.0,Yes
baseline vs few_shot,Recall,0.0,0.0,0.0,0,Not significant,0,0.0,0,0.0,Yes
baseline vs chain_of_thought,F1-Score,0.0,0.0,0.0,0,Not significant,0,0.0,0,0.0,Yes
baseline vs chain_of_thought,Precision,0.0,0.0,0.0,0,Not significant,0,0.0,0,0.0,Yes
baseline vs chain_of_thought,Recall,0.0,0.0,0.0,0,Not significant,0,0.0,0,0.0,Yes
baseline vs hybrid,F1-Score,0.0,0.0,0.0,0,Not significant,0,0.0,0,0.0,Yes
baseline vs hybrid,Precision,0.0,0.0,0.0,0,Not significant,0,0.0,0,0.0,Yes
baseline vs hybrid,Recall,0.0,0.0,0.0,0,Not significant,0,0.0,0,0.0,Yes
few_shot vs chain_of_thought,F1-Score,0.0,0.0,0.0,0,Not significant,0,0.0,0,0.0,Yes
few_shot vs chain_of_thought,Precision,0.0,0.0,0.0,0,Not significant,0,0.0,0,0.0,Yes
few_shot vs chain_of_thought,Recall,0.0,0.0,0.0,0,Not significant,0,0.0,0,0.0,Yes
few_shot vs hybrid,F1-Score,0.0,0.0,0.0,0,Not significant,0,0.0,0,0.0,Yes
few_shot vs hybrid,Precision,0.0,0.0,0.0,0,Not significant,0,0.0,0,0.0,Yes
few_shot vs hybrid,Recall,0.0,0.0,0.0,0,Not significant,0,0.0,0,0.0,Yes
chain_of_thought vs hybrid,F1-Score,0.0,0.0,0.0,0,Not significant,0,0.0,0,0.0,Yes
chain_of_thought vs hybrid,Precision,0.0,0.0,0.0,0,Not significant,0,0.0,0,0.0,Yes
chain_of_thought vs hybrid,Recall,0.0,0.0,0.0,0,Not significant,0,0.0,0,0.0,Yes
