Dataset,Task,Model,Strategy,Cases,F1,Precision,Recall,Specificity,Balanced_Accuracy,Accuracy,Mean_pred_per_case,Mean_GT_per_case
Tufts,missing_teeth,LLaVA-1.5-7B,zero_shot,100,0.04167156093343257,0.12733333333333333,0.0393536118408771,0.8726644263191531,0.4560090190800151,0.7215625,3.08,6.63
Tufts,missing_teeth,LLaVA-Med-v1.5-7B,zero_shot,100,0.05185625224149925,0.08240476190476191,0.04690316525628422,0.9213496997633339,0.4841264325098091,0.7715625,1.8,6.63
Tufts,missing_teeth,HuatuoGPT-Vision-7B,zero_shot,100,0.18809194735246976,0.2155932327906012,0.2279860701212218,0.7055364885912335,0.4667612793562277,0.645625,8.83,6.63
Tufts,missing_teeth,DentVLM,zero_shot,100,0.01807453416149068,0.018236263736263737,0.02639285714285714,0.9420878787878789,0.484240367965368,0.7821875,1.0,6.63
Tufts,missing_teeth,LLaVA-1.5-7B,few_shot,100,0.18490462402591423,0.26405169830169833,0.1743898548576435,0.7932055122237641,0.4837976835407038,0.7009375,5.98,6.63
Tufts,missing_teeth,LLaVA-Med-v1.5-7B,few_shot,100,0.07348971885232389,0.10346338383838383,0.07387601146950351,0.9097832480949123,0.4918296297822079,0.769375,2.35,6.63
Tufts,missing_teeth,HuatuoGPT-Vision-7B,few_shot,100,0.1990847630250056,0.19975021869442383,0.28778678099684024,0.6576771038400282,0.4727319424184342,0.618125,10.51,6.63
Tufts,missing_teeth,DentVLM,few_shot,100,0.0,0.0,0.0,0.97,0.485,0.7928125,0.0,6.63
Tufts,missing_teeth,LLaVA-1.5-7B,cot,100,0.07000181105444264,0.20357936507936508,0.06040853805610807,0.8997219922408145,0.48006526514846126,0.7459375,2.32,6.63
Tufts,missing_teeth,LLaVA-Med-v1.5-7B,cot,100,0.008686274509803922,0.012333333333333333,0.0075,0.9603458401072418,0.48392292005362086,0.78625,0.29,6.63
Tufts,missing_teeth,HuatuoGPT-Vision-7B,cot,100,0.14304818544312123,0.2243387307137307,0.1487274390457214,0.7995576007009371,0.4741425198733292,0.6953125,5.82,6.63
Tufts,missing_teeth,DentVLM,cot,100,0.0,0.0,0.0,0.97,0.485,0.7928125,0.0,6.63
DENTEX,abnormal_tooth,LLaVA-1.5-7B,zero_shot,50,0.07627272727272727,0.11,0.06955555555555554,0.9453537042468403,0.5074546299011979,0.848125,1.8,3.58
DENTEX,abnormal_tooth,LLaVA-Med-v1.5-7B,zero_shot,50,0.0,0.0,0.0,1.0,0.5,0.888125,0.0,3.58
DENTEX,abnormal_tooth,HuatuoGPT-Vision-7B,zero_shot,50,0.0517950937950938,0.06733333333333333,0.05083333333333334,0.9493826813617511,0.5001080073475422,0.849375,1.6,3.58
DENTEX,abnormal_tooth,DentVLM,zero_shot,50,0.0,0.0,0.0,1.0,0.5,0.888125,0.0,3.58
DENTEX,abnormal_tooth,LLaVA-1.5-7B,few_shot,50,0.0,0.0,0.0,1.0,0.5,0.888125,0.0,3.58
DENTEX,abnormal_tooth,LLaVA-Med-v1.5-7B,few_shot,50,0.044936507936507934,0.105,0.030666666666666665,0.9578598285170503,0.49426324759185847,0.855,1.38,3.58
DENTEX,abnormal_tooth,HuatuoGPT-Vision-7B,few_shot,50,0.10241991341991342,0.10952380952380952,0.10817460317460319,0.9398644367350804,0.5240195199548418,0.846875,2.16,3.58
