Dataset,Strategy,Model,Model_display,n_boot,seed,unit,Precision_point,Precision_CI95_low,Precision_CI95_high,Recall_point,Recall_CI95_low,Recall_CI95_high,F1_point,F1_CI95_low,F1_CI95_high,CHR_point,CHR_CI95_low,CHR_CI95_high,Hallucination_image_rate_point,Hallucination_image_rate_CI95_low,Hallucination_image_rate_CI95_high
DENTEX,cot,llava,LLaVA-1.5-7B,1000,42,image,0.08152173913043478,0.03620327993897788,0.12613389251320284,0.004058441558441558,0.0012696080785098787,0.008401711979881418,0.007731958762886597,0.0024255011169442187,0.0157427514223815,0.9184782608695652,0.873866107486797,0.963796720061022,0.0425531914893617,0.02925531914893617,0.05851063829787234
DENTEX,cot,llava_med,LLaVA-Med-v1.5-7B,1000,42,image,0.0,0.0,0.0,0.0,0.0,0.0,,,,1.0,1.0,1.0,0.0026595744680851063,0.0,0.006648936170212766
DENTEX,cot,huatuogpt_vision,HuatuoGPT-Vision-7B,1000,42,image,0.0631424375917768,0.05428875572289078,0.07268756230103861,0.05817099567099567,0.049643594338338703,0.0676400548734356,0.060554851429376146,0.05236430932210289,0.0698225757441707,0.9368575624082232,0.9273124376989613,0.9457112442771093,0.8337765957446809,0.8085106382978723,0.860405585106383
DENTEX,cot,dentvlm,DentVLM,1000,42,image,,,,0.0,0.0,0.0,,,,,,,0.0,0.0,0.0
DENTEX,few_shot,llava,LLaVA-1.5-7B,1000,42,image,0.058823529411764705,0.050060987994863866,0.06930198395912122,0.049783549783549784,0.042328535877002284,0.058950959780834984,0.053927315357561546,0.046143142503186296,0.06335458585816486,0.9411764705882353,0.9306980160408788,0.9499390120051361,0.8882978723404256,0.8670212765957447,0.9095744680851063
DENTEX,few_shot,llava_med,LLaVA-Med-v1.5-7B,1000,42,image,0.061669829222011384,0.053996611924430234,0.06986131332517125,0.08793290043290043,0.07553044113500226,0.10115135510505975,0.07249609636404193,0.06322232807203165,0.08221404647584857,0.9383301707779886,0.9301386866748288,0.9460033880755698,0.9507978723404256,0.9348404255319149,0.9654255319148937
DENTEX,few_shot,huatuogpt_vision,HuatuoGPT-Vision-7B,1000,42,image,0.08557114228456913,0.07457899974088808,0.09671837517416565,0.11553030303030302,0.09891968281216192,0.13035956613185842,0.09831913423900529,0.0857422370704686,0.11012713108907568,0.9144288577154308,0.9032816248258343,0.9254210002591119,0.8843085106382979,0.8603390957446808,0.9069148936170213
DENTEX,few_shot,dentvlm,DentVLM,1000,42,image,0.0,0.0,0.0,0.0,0.0,0.0,,,,1.0,1.0,1.0,0.0013297872340425532,0.0,0.003989361702127659
DENTEX,zero_shot,llava,LLaVA-1.5-7B,1000,42,image,0.06026058631921824,0.0494819075422927,0.0722980198473909,0.030032467532467532,0.02409262648687924,0.03729323811558406,0.04008667388949079,0.03245588018997066,0.04910937135311422,0.9397394136807817,0.9277019801526091,0.9505180924577074,0.7420212765957447,0.7100731382978723,0.7726063829787234
DENTEX,zero_shot,llava_med,LLaVA-Med-v1.5-7B,1000,42,image,,,,0.0,0.0,0.0,,,,,,,0.0,0.0,0.0
DENTEX,zero_shot,huatuogpt_vision,HuatuoGPT-Vision-7B,1000,42,image,0.04605936540429888,0.03656463478332316,0.05686363367099105,0.024350649350649352,0.018897724031134114,0.030626976476279464,0.03185840707964602,0.024910921233984657,0.039729092964422646,0.9539406345957011,0.9431363663290089,0.9634353652166768,0.9694148936170213,0.9561170212765957,0.9800864361702127
DENTEX,zero_shot,dentvlm,DentVLM,1000,42,image,0.0,0.0,0.0,0.0,0.0,0.0,,,,1.0,1.0,1.0,0.003989361702127659,0.0,0.009308510638297872
Tufts,cot,llava,LLaVA-1.5-7B,1000,42,image,0.2143719806763285,0.18721354663408565,0.24405990471129077,0.10532561934431094,0.09057329441114623,0.12236470243615728,0.14125136775092012,0.1239995967236735,0.16144574539445086,0.7856280193236715,0.7559400952887092,0.8127864533659144,0.543,0.511975,0.574
Tufts,cot,llava_med,LLaVA-Med-v1.5-7B,1000,42,image,0.21428571428571427,0.15595039303475333,0.2790295193312434,0.012461059190031152,0.007766118278210468,0.017923389591441418,0.023552502453385672,0.014886152322665153,0.033465287572979716,0.7857142857142857,0.7209704806687566,0.8440496069652467,0.069,0.054,0.084
Tufts,cot,huatuogpt_vision,HuatuoGPT-Vision-7B,1000,42,image,0.22370738783545746,0.20253178339376335,0.24376741275145433,0.3202788903723483,0.29783382430730165,0.34162012428794664,0.26342118106393364,0.24189724386705722,0.2824001639804366,0.7762926121645425,0.7562325872485457,0.7974682166062366,0.848,0.826,0.87
Tufts,cot,dentvlm,DentVLM,1000,42,image,0.21428571428571427,0.0,0.4181547619047619,0.0004450378282153983,0.0,0.001030650845895253,0.0008882309400444115,0.000287362568252558,0.002058302285528036,0.7857142857142857,0.5818452380952381,1.0,0.005,0.001,0.01
Tufts,few_shot,llava,LLaVA-1.5-7B,1000,42,image,0.23778276636159557,0.2190743975501908,0.25712185900379675,0.20427236315086783,0.19293145534422068,0.21767346898525436,0.21975742100223428,0.20708468472480274,0.23360708622441065,0.7622172336384044,0.7428781409962032,0.7809256024498092,0.913,0.895,0.93
Tufts,few_shot,llava_med,LLaVA-Med-v1.5-7B,1000,42,image,0.25121951219512195,0.21334653870806924,0.287607211843395,0.07639816051031004,0.06315676636020244,0.08993885591456159,0.11716528267546354,0.09766479982991033,0.13498455189770847,0.748780487804878,0.712392788156605,0.7866534612919308,0.233,0.206975,0.259
Tufts,few_shot,huatuogpt_vision,HuatuoGPT-Vision-7B,1000,42,image,0.2543055035567203,0.23604608584625864,0.27206893395102105,0.4030559264204124,0.3847734993307221,0.42045403782194163,0.31185078909612624,0.294628653623563,0.3282135179255416,0.7456944964432797,0.7279310660489791,0.7639539141537413,0.839,0.815,0.862
Tufts,few_shot,dentvlm,DentVLM,1000,42,image,0.5,0.5,0.5,0.0002966918854769322,0.0,0.0009222469200028376,0.0005930318754633061,0.0005626274786334787,0.0022949763751705567,0.5,0.5,0.5,0.001,0.0,0.003
Tufts,zero_shot,llava,LLaVA-1.5-7B,1000,42,image,0.2018842530282638,0.1826011718823137,0.2230367014197651,0.24477080551846908,0.22470736129023763,0.2653975399304594,0.22126860667828885,0.20313235383992104,0.23890972265824614,0.7981157469717362,0.7769632985802349,0.8173988281176864,0.824,0.8,0.8470249999999999
Tufts,zero_shot,llava_med,LLaVA-Med-v1.5-7B,1000,42,image,0.20816864295125165,0.16950972408088766,0.24817906932331782,0.046877317905355285,0.03640767682742105,0.05821017019774005,0.0765225814263228,0.06057726213616027,0.09363633356401332,0.7918313570487484,0.7518209306766822,0.8304902759191124,0.207,0.183975,0.232
Tufts,zero_shot,huatuogpt_vision,HuatuoGPT-Vision-7B,1000,42,image,0.21102224170044923,0.19382079206643948,0.22831087659091015,0.2857142857142857,0.2743284268728449,0.297581197727317,0.24275270985631459,0.22933715761847126,0.2565116817981915,0.7889777582995507,0.7716891234090899,0.8061792079335606,0.954,0.941,0.967
Tufts,zero_shot,dentvlm,DentVLM,1000,42,image,0.12307692307692308,0.03997029702970297,0.21451863354037246,0.0011867675419077288,0.0002797602518531503,0.0023475072693862286,0.0023508668821627973,0.0005853069113239672,0.00465257765174413,0.8769230769230769,0.7854813664596273,0.960029702970297,0.007,0.002,0.013
