Dataset,Strategy,Model,Model_display,Condition,TP,FP,FN,TN,Precision,Recall,F1,FPR,CHR,Hallucinations,Pct_of_model_hallucinations
DENTEX,cot,llava,LLaVA-1.5-7B,Impacted,1,26,641,23396,0.037037037037037035,0.001557632398753894,0.0029895366218236174,0.0011100674579455213,0.9629629629629629,26,15.384615384615385
DENTEX,cot,llava,LLaVA-1.5-7B,Caries,8,65,2278,21713,0.1095890410958904,0.003499562554680665,0.0067825349724459525,0.0029846634218018185,0.8904109589041096,65,38.46153846153847
DENTEX,cot,llava,LLaVA-1.5-7B,Deep Caries,6,46,596,23416,0.11538461538461539,0.009966777408637873,0.018348623853211007,0.0019606171681868555,0.8846153846153846,46,27.218934911242602
DENTEX,cot,llava,LLaVA-1.5-7B,Periapical Lesion,0,32,166,23866,0.0,0.0,,0.0013390241861243619,1.0,32,18.93491124260355
DENTEX,cot,llava_med,LLaVA-Med-v1.5-7B,Impacted,0,0,642,23422,,0.0,,0.0,,0,0.0
DENTEX,cot,llava_med,LLaVA-Med-v1.5-7B,Caries,0,1,2286,21777,0.0,0.0,,4.591789879695105e-05,1.0,1,12.5
DENTEX,cot,llava_med,LLaVA-Med-v1.5-7B,Deep Caries,0,1,602,23461,0.0,0.0,,4.262211235188816e-05,1.0,1,12.5
DENTEX,cot,llava_med,LLaVA-Med-v1.5-7B,Periapical Lesion,0,6,166,23892,0.0,0.0,,0.00025106703489831785,1.0,6,75.0
DENTEX,cot,huatuogpt_vision,HuatuoGPT-Vision-7B,Impacted,42,811,600,22611,0.0492379835873388,0.06542056074766354,0.05618729096989966,0.03462556570745453,0.9507620164126612,811,25.42319749216301
DENTEX,cot,huatuogpt_vision,HuatuoGPT-Vision-7B,Caries,103,467,2183,21311,0.18070175438596492,0.04505686789151356,0.07212885154061624,0.021443658738176143,0.8192982456140351,467,14.63949843260188
DENTEX,cot,huatuogpt_vision,HuatuoGPT-Vision-7B,Deep Caries,62,1117,540,22345,0.05258693808312129,0.10299003322259136,0.06962380685008424,0.04760889949705908,0.9474130619168787,1117,35.01567398119122
DENTEX,cot,huatuogpt_vision,HuatuoGPT-Vision-7B,Periapical Lesion,8,795,158,23103,0.009962640099626401,0.04819277108433735,0.01651186790505676,0.03326638212402711,0.9900373599003736,795,24.921630094043888
DENTEX,cot,dentvlm,DentVLM,Impacted,0,0,642,23422,,0.0,,0.0,,0,
DENTEX,cot,dentvlm,DentVLM,Caries,0,0,2286,21778,,0.0,,0.0,,0,
DENTEX,cot,dentvlm,DentVLM,Deep Caries,0,0,602,23462,,0.0,,0.0,,0,
DENTEX,cot,dentvlm,DentVLM,Periapical Lesion,0,0,166,23898,,0.0,,0.0,,0,
DENTEX,few_shot,llava,LLaVA-1.5-7B,Impacted,11,134,631,23288,0.07586206896551724,0.017133956386292833,0.027954256670902157,0.005721116898642302,0.9241379310344827,134,4.551630434782608
DENTEX,few_shot,llava,LLaVA-1.5-7B,Caries,94,652,2192,21126,0.1260053619302949,0.04111986001749781,0.062005277044854874,0.029938470015612086,0.8739946380697051,652,22.146739130434785
DENTEX,few_shot,llava,LLaVA-1.5-7B,Deep Caries,67,1771,535,21691,0.03645266594124048,0.11129568106312292,0.05491803278688524,0.07548376097519394,0.9635473340587595,1771,60.15625
DENTEX,few_shot,llava,LLaVA-1.5-7B,Periapical Lesion,12,387,154,23511,0.03007518796992481,0.07228915662650602,0.04247787610619468,0.016193823750941503,0.9699248120300752,387,13.145380434782608
DENTEX,few_shot,llava_med,LLaVA-Med-v1.5-7B,Impacted,8,474,634,22948,0.016597510373443983,0.012461059190031152,0.014234875444839859,0.02023738365639143,0.983402489626556,474,9.585439838220426
DENTEX,few_shot,llava_med,LLaVA-Med-v1.5-7B,Caries,286,2930,2000,18848,0.08893034825870647,0.12510936132983377,0.103962195565249,0.13453944347506658,0.9110696517412935,2930,59.25176946410515
DENTEX,few_shot,llava_med,LLaVA-Med-v1.5-7B,Deep Caries,29,1469,573,21993,0.019359145527369826,0.04817275747508306,0.02761904761904762,0.06261188304492371,0.9806408544726302,1469,29.706774519716884
DENTEX,few_shot,llava_med,LLaVA-Med-v1.5-7B,Periapical Lesion,2,72,164,23826,0.02702702702702703,0.012048192771084338,0.01666666666666667,0.003012804418779814,0.972972972972973,72,1.456016177957533
DENTEX,few_shot,huatuogpt_vision,HuatuoGPT-Vision-7B,Impacted,89,1825,553,21597,0.04649947753396029,0.13862928348909656,0.06964006259780907,0.07791819656732986,0.9535005224660397,1825,39.99561691869384
DENTEX,few_shot,huatuogpt_vision,HuatuoGPT-Vision-7B,Caries,299,2015,1987,19763,0.12921348314606743,0.13079615048118984,0.13,0.09252456607585637,0.8707865168539326,2015,44.15954415954416
DENTEX,few_shot,huatuogpt_vision,HuatuoGPT-Vision-7B,Deep Caries,35,705,567,22757,0.0472972972972973,0.05813953488372093,0.05216095380029806,0.030048589208081154,0.9527027027027027,705,15.450361604207757
DENTEX,few_shot,huatuogpt_vision,HuatuoGPT-Vision-7B,Periapical Lesion,4,18,162,23880,0.18181818181818182,0.024096385542168676,0.04255319148936171,0.0007532011046949536,0.8181818181818182,18,0.39447731755424065
DENTEX,few_shot,dentvlm,DentVLM,Impacted,0,1,642,23421,0.0,0.0,,4.2694902228673894e-05,1.0,1,33.33333333333333
DENTEX,few_shot,dentvlm,DentVLM,Caries,0,0,2286,21778,,0.0,,0.0,,0,0.0
DENTEX,few_shot,dentvlm,DentVLM,Deep Caries,0,2,602,23460,0.0,0.0,,8.524422470377632e-05,1.0,2,66.66666666666666
DENTEX,few_shot,dentvlm,DentVLM,Periapical Lesion,0,0,166,23898,,0.0,,0.0,,0,0.0
DENTEX,zero_shot,llava,LLaVA-1.5-7B,Impacted,1,187,641,23235,0.005319148936170213,0.001557632398753894,0.0024096385542168677,0.007983946716762018,0.9946808510638298,187,10.803004043905256
DENTEX,zero_shot,llava,LLaVA-1.5-7B,Caries,98,787,2188,20991,0.11073446327683616,0.04286964129483815,0.06181015452538631,0.036137386353200476,0.8892655367231639,787,45.46504910456384
DENTEX,zero_shot,llava,LLaVA-1.5-7B,Deep Caries,9,477,593,22985,0.018518518518518517,0.014950166112956811,0.016544117647058824,0.02033074759185065,0.9814814814814815,477,27.55632582322357
DENTEX,zero_shot,llava,LLaVA-1.5-7B,Periapical Lesion,3,280,163,23618,0.01060070671378092,0.018072289156626505,0.013363028953229399,0.011716461628588167,0.9893992932862191,280,16.175621028307337
DENTEX,zero_shot,llava_med,LLaVA-Med-v1.5-7B,Impacted,0,0,642,23422,,0.0,,0.0,,0,
DENTEX,zero_shot,llava_med,LLaVA-Med-v1.5-7B,Caries,0,0,2286,21778,,0.0,,0.0,,0,
DENTEX,zero_shot,llava_med,LLaVA-Med-v1.5-7B,Deep Caries,0,0,602,23462,,0.0,,0.0,,0,
DENTEX,zero_shot,llava_med,LLaVA-Med-v1.5-7B,Periapical Lesion,0,0,166,23898,,0.0,,0.0,,0,
DENTEX,zero_shot,huatuogpt_vision,HuatuoGPT-Vision-7B,Impacted,2,631,640,22791,0.00315955766192733,0.003115264797507788,0.0031372549019607846,0.026940483306293228,0.9968404423380727,631,33.8519313304721
DENTEX,zero_shot,huatuogpt_vision,HuatuoGPT-Vision-7B,Caries,70,505,2216,21273,0.12173913043478261,0.03062117235345582,0.04893393918210417,0.02318853889246028,0.8782608695652174,505,27.09227467811159
DENTEX,zero_shot,huatuogpt_vision,HuatuoGPT-Vision-7B,Deep Caries,13,377,589,23085,0.03333333333333333,0.02159468438538206,0.02620967741935484,0.016068536356661837,0.9666666666666667,377,20.22532188841202
DENTEX,zero_shot,huatuogpt_vision,HuatuoGPT-Vision-7B,Periapical Lesion,5,351,161,23547,0.014044943820224719,0.030120481927710843,0.019157088122605363,0.014687421541551594,0.9859550561797753,351,18.830472103004293
DENTEX,zero_shot,dentvlm,DentVLM,Impacted,0,4,642,23418,0.0,0.0,,0.00017077960891469557,1.0,4,36.36363636363637
DENTEX,zero_shot,dentvlm,DentVLM,Caries,0,1,2286,21777,0.0,0.0,,4.591789879695105e-05,1.0,1,9.090909090909092
DENTEX,zero_shot,dentvlm,DentVLM,Deep Caries,0,5,602,23457,0.0,0.0,,0.0002131105617594408,1.0,5,45.45454545454545
DENTEX,zero_shot,dentvlm,DentVLM,Periapical Lesion,0,1,166,23897,0.0,0.0,,4.184450581638631e-05,1.0,1,9.090909090909092
Tufts,cot,llava,LLaVA-1.5-7B,Missing,710,2602,6031,22657,0.2143719806763285,0.10532561934431094,0.14125136775092012,0.10301278752127954,0.7856280193236715,2602,100.0
Tufts,cot,llava_med,LLaVA-Med-v1.5-7B,Missing,84,308,6657,24951,0.21428571428571427,0.012461059190031152,0.023552502453385672,0.012193673542103805,0.7857142857142857,308,100.0
Tufts,cot,huatuogpt_vision,HuatuoGPT-Vision-7B,Missing,2159,7492,4582,17767,0.22370738783545746,0.3202788903723483,0.26342118106393364,0.2966071499267588,0.7762926121645425,7492,100.0
Tufts,cot,dentvlm,DentVLM,Missing,3,11,6738,25248,0.21428571428571427,0.0004450378282153983,0.0008882309400444115,0.0004354883407894216,0.7857142857142857,11,100.0
Tufts,few_shot,llava,LLaVA-1.5-7B,Missing,1377,4414,5364,20845,0.23778276636159557,0.20427236315086783,0.21975742100223428,0.1747495942040461,0.7622172336384044,4414,100.0
Tufts,few_shot,llava_med,LLaVA-Med-v1.5-7B,Missing,515,1535,6226,23724,0.25121951219512195,0.07639816051031004,0.11716528267546354,0.06077041846470565,0.748780487804878,1535,100.0
Tufts,few_shot,huatuogpt_vision,HuatuoGPT-Vision-7B,Missing,2717,7967,4024,17292,0.2543055035567203,0.4030559264204124,0.31185078909612624,0.31541232827902926,0.7456944964432797,7967,100.0
Tufts,few_shot,dentvlm,DentVLM,Missing,2,2,6739,25257,0.5,0.0002966918854769322,0.0005930318754633061,7.917969832534938e-05,0.5,2,100.0
Tufts,zero_shot,llava,LLaVA-1.5-7B,Missing,1650,6523,5091,18736,0.2018842530282638,0.24477080551846908,0.22126860667828885,0.258244586088127,0.7981157469717362,6523,100.0
Tufts,zero_shot,llava_med,LLaVA-Med-v1.5-7B,Missing,316,1202,6425,24057,0.20816864295125165,0.046877317905355285,0.0765225814263228,0.04758699869353498,0.7918313570487484,1202,100.0
Tufts,zero_shot,huatuogpt_vision,HuatuoGPT-Vision-7B,Missing,1926,7201,4815,18058,0.21102224170044923,0.2857142857142857,0.24275270985631459,0.28508650382042044,0.7889777582995507,7201,100.0
Tufts,zero_shot,dentvlm,DentVLM,Missing,8,57,6733,25202,0.12307692307692308,0.0011867675419077288,0.0023508668821627973,0.0022566214022724574,0.8769230769230769,57,100.0
