Dataset,Strategy,Model,Model_display,Correct_condition_correct_tooth,Correct_condition_wrong_tooth,Wrong_condition_right_tooth,Unsupported_finding,Total_predicted_findings,Wrong_tooth_hallucination_rate
DENTEX,cot,llava,LLaVA-1.5-7B,15,96,13,60,184,0.5217391304347826
DENTEX,cot,llava_med,LLaVA-Med-v1.5-7B,0,3,2,3,8,0.375
DENTEX,cot,huatuogpt_vision,HuatuoGPT-Vision-7B,215,1363,365,1462,3405,0.4002936857562408
DENTEX,cot,dentvlm,DentVLM,0,0,0,0,0,
DENTEX,few_shot,llava,LLaVA-1.5-7B,184,1400,290,1254,3128,0.4475703324808184
DENTEX,few_shot,llava_med,LLaVA-Med-v1.5-7B,325,3418,134,1393,5270,0.6485768500948766
DENTEX,few_shot,huatuogpt_vision,HuatuoGPT-Vision-7B,427,2532,285,1746,4990,0.5074148296593186
DENTEX,few_shot,dentvlm,DentVLM,0,2,0,1,3,0.6666666666666666
DENTEX,zero_shot,llava,LLaVA-1.5-7B,111,1010,96,625,1842,0.5483170466883822
DENTEX,zero_shot,llava_med,LLaVA-Med-v1.5-7B,0,0,0,0,0,
DENTEX,zero_shot,huatuogpt_vision,HuatuoGPT-Vision-7B,90,899,205,760,1954,0.4600818833162743
DENTEX,zero_shot,dentvlm,DentVLM,0,8,0,3,11,0.7272727272727273
