Dataset,Strategy,Model,Model_display,Images,TP,FP,FN,TN,Accuracy,Precision,Recall,F1,Specificity,FPR,FNR,CHR,Hallucinations_per_image,Hallucination_image_rate,Mean_predictions_per_image,Mean_correct_findings_per_image,Mean_hallucinations_per_image
DENTEX,cot,llava,LLaVA-1.5-7B,752,15,169,3681,92391,0.9600024933510638,0.08152173913043478,0.004058441558441558,0.007731958762886597,0.9981741573033708,0.0018258426966292136,0.9959415584415584,0.9184782608695652,0.2247340425531915,0.0425531914893617,0.24468085106382978,0.0199468085106383,0.2247340425531915
DENTEX,cot,llava_med,LLaVA-Med-v1.5-7B,752,0,8,3696,92552,0.9615192819148937,0.0,0.0,,0.9999135695764909,8.643042350907519e-05,1.0,1.0,0.010638297872340425,0.0026595744680851063,0.010638297872340425,0.0,0.010638297872340425
DENTEX,cot,huatuogpt_vision,HuatuoGPT-Vision-7B,752,215,3190,3481,89370,0.9306952293882979,0.0631424375917768,0.05817099567099567,0.060554851429376146,0.9655358686257562,0.034464131374243735,0.9418290043290043,0.9368575624082232,4.242021276595745,0.8337765957446809,4.527925531914893,0.2859042553191489,4.242021276595745
DENTEX,cot,dentvlm,DentVLM,752,0,0,3696,92560,0.9616023936170213,,0.0,,1.0,0.0,1.0,,0.0,0.0,0.0,0.0,0.0
DENTEX,few_shot,llava,LLaVA-1.5-7B,752,184,2944,3512,89616,0.9329288563829787,0.058823529411764705,0.049783549783549784,0.053927315357561546,0.9681936041486603,0.031806395851339674,0.9502164502164502,0.9411764705882353,3.9148936170212765,0.8882978723404256,4.159574468085107,0.24468085106382978,3.9148936170212765
DENTEX,few_shot,llava_med,LLaVA-Med-v1.5-7B,752,325,4945,3371,87615,0.9136053856382979,0.061669829222011384,0.08793290043290043,0.07249609636404193,0.9465751944684528,0.053424805531547104,0.9120670995670995,0.9383301707779886,6.575797872340425,0.9507978723404256,7.007978723404255,0.4321808510638298,6.575797872340425
DENTEX,few_shot,huatuogpt_vision,HuatuoGPT-Vision-7B,752,427,4563,3269,87997,0.9186336436170213,0.08557114228456913,0.11553030303030302,0.09831913423900529,0.9507022471910113,0.049297752808988765,0.884469696969697,0.9144288577154308,6.06781914893617,0.8843085106382979,6.63563829787234,0.5678191489361702,6.06781914893617
DENTEX,few_shot,dentvlm,DentVLM,752,0,3,3696,92557,0.9615712267287234,0.0,0.0,,0.9999675885911841,3.24114088159032e-05,1.0,1.0,0.003989361702127659,0.0013297872340425532,0.003989361702127659,0.0,0.003989361702127659
DENTEX,zero_shot,llava,LLaVA-1.5-7B,752,111,1731,3585,90829,0.9447722739361702,0.06026058631921824,0.030032467532467532,0.04008667388949079,0.9812986171132239,0.018701382886776145,0.9699675324675324,0.9397394136807817,2.3018617021276597,0.7420212765957447,2.449468085106383,0.14760638297872342,2.3018617021276597
DENTEX,zero_shot,llava_med,LLaVA-Med-v1.5-7B,752,0,0,3696,92560,0.9616023936170213,,0.0,,1.0,0.0,1.0,,0.0,0.0,0.0,0.0,0.0
DENTEX,zero_shot,huatuogpt_vision,HuatuoGPT-Vision-7B,752,90,1864,3606,90696,0.9431723736702128,0.04605936540429888,0.024350649350649352,0.03185840707964602,0.9798617113223855,0.02013828867761452,0.9756493506493507,0.9539406345957011,2.478723404255319,0.9694148936170213,2.598404255319149,0.1196808510638298,2.478723404255319
DENTEX,zero_shot,dentvlm,DentVLM,752,0,11,3696,92549,0.9614881150265957,0.0,0.0,,0.999881158167675,0.0001188418323249784,1.0,1.0,0.014627659574468085,0.003989361702127659,0.014627659574468085,0.0,0.014627659574468085
Tufts,cot,llava,LLaVA-1.5-7B,1000,710,2602,6031,22657,0.73021875,0.2143719806763285,0.10532561934431094,0.14125136775092012,0.8969872124787205,0.10301278752127954,0.894674380655689,0.7856280193236715,2.602,0.543,3.312,0.71,2.602
Tufts,cot,llava_med,LLaVA-Med-v1.5-7B,1000,84,308,6657,24951,0.78234375,0.21428571428571427,0.012461059190031152,0.023552502453385672,0.9878063264578962,0.012193673542103805,0.9875389408099688,0.7857142857142857,0.308,0.069,0.392,0.084,0.308
Tufts,cot,huatuogpt_vision,HuatuoGPT-Vision-7B,1000,2159,7492,4582,17767,0.6226875,0.22370738783545746,0.3202788903723483,0.26342118106393364,0.7033928500732413,0.2966071499267588,0.6797211096276516,0.7762926121645425,7.492,0.848,9.651,2.159,7.492
Tufts,cot,dentvlm,DentVLM,1000,3,11,6738,25248,0.78909375,0.21428571428571427,0.0004450378282153983,0.0008882309400444115,0.9995645116592106,0.0004354883407894216,0.9995549621717846,0.7857142857142857,0.011,0.005,0.014,0.003,0.011
Tufts,few_shot,llava,LLaVA-1.5-7B,1000,1377,4414,5364,20845,0.6944375,0.23778276636159557,0.20427236315086783,0.21975742100223428,0.8252504057959539,0.1747495942040461,0.7957276368491322,0.7622172336384044,4.414,0.913,5.791,1.377,4.414
Tufts,few_shot,llava_med,LLaVA-Med-v1.5-7B,1000,515,1535,6226,23724,0.75746875,0.25121951219512195,0.07639816051031004,0.11716528267546354,0.9392295815352943,0.06077041846470565,0.92360183948969,0.748780487804878,1.535,0.233,2.05,0.515,1.535
Tufts,few_shot,huatuogpt_vision,HuatuoGPT-Vision-7B,1000,2717,7967,4024,17292,0.62528125,0.2543055035567203,0.4030559264204124,0.31185078909612624,0.6845876717209708,0.31541232827902926,0.5969440735795876,0.7456944964432797,7.967,0.839,10.684,2.717,7.967
Tufts,few_shot,dentvlm,DentVLM,1000,2,2,6739,25257,0.78934375,0.5,0.0002966918854769322,0.0005930318754633061,0.9999208203016746,7.917969832534938e-05,0.999703308114523,0.5,0.002,0.001,0.004,0.002,0.002
Tufts,zero_shot,llava,LLaVA-1.5-7B,1000,1650,6523,5091,18736,0.6370625,0.2018842530282638,0.24477080551846908,0.22126860667828885,0.7417554139118729,0.258244586088127,0.7552291944815309,0.7981157469717362,6.523,0.824,8.173,1.65,6.523
Tufts,zero_shot,llava_med,LLaVA-Med-v1.5-7B,1000,316,1202,6425,24057,0.76165625,0.20816864295125165,0.046877317905355285,0.0765225814263228,0.952413001306465,0.04758699869353498,0.9531226820946447,0.7918313570487484,1.202,0.207,1.518,0.316,1.202
Tufts,zero_shot,huatuogpt_vision,HuatuoGPT-Vision-7B,1000,1926,7201,4815,18058,0.6245,0.21102224170044923,0.2857142857142857,0.24275270985631459,0.7149134961795796,0.28508650382042044,0.7142857142857143,0.7889777582995507,7.201,0.954,9.127,1.926,7.201
Tufts,zero_shot,dentvlm,DentVLM,1000,8,57,6733,25202,0.7878125,0.12307692307692308,0.0011867675419077288,0.0023508668821627973,0.9977433785977275,0.0022566214022724574,0.9988132324580923,0.8769230769230769,0.057,0.007,0.065,0.008,0.057
