Dataset,Strategy,Model_A,Model_B,paired,pairing_note,CHR_A,CHR_B,Delta_CHR,Delta_CHR_CI95_low,Delta_CHR_CI95_high,Hallucinations_per_image_A,Hallucinations_per_image_B,Delta_hallucinations_per_image,Delta_hpi_CI95_low,Delta_hpi_CI95_high,n_images
DENTEX,cot,llava,llava_med,True,identical image set/order across models,0.9184782608695652,1.0,-0.08152173913043481,-0.12725501947857357,-0.03697299077733869,0.2247340425531915,0.010638297872340425,0.21409574468085107,0.11303191489361702,0.3311835106382978,752
DENTEX,cot,llava,huatuogpt_vision,True,identical image set/order across models,0.9184782608695652,0.9368575624082232,-0.018379301538657966,-0.06397295050848238,0.029547428537162253,0.2247340425531915,4.242021276595745,-4.017287234042553,-4.3617353723404255,-3.7005984042553193,752
DENTEX,cot,llava,dentvlm,True,identical image set/order across models,0.9184782608695652,,,,,0.2247340425531915,0.0,0.2247340425531915,0.1262965425531915,0.336469414893617,752
DENTEX,cot,llava_med,huatuogpt_vision,True,identical image set/order across models,1.0,0.9368575624082232,0.06314243759177685,0.054218479937158566,0.07245860163908946,0.010638297872340425,4.242021276595745,-4.2313829787234045,-4.542586436170213,-3.9307845744680847,752
DENTEX,cot,llava_med,dentvlm,True,identical image set/order across models,1.0,,,,,0.010638297872340425,0.0,0.010638297872340425,0.0,0.026595744680851064,752
DENTEX,cot,huatuogpt_vision,dentvlm,True,identical image set/order across models,0.9368575624082232,,,,,4.242021276595745,0.0,4.242021276595745,3.9427859042553193,4.555950797872341,752
DENTEX,few_shot,llava,llava_med,True,identical image set/order across models,0.9411764705882353,0.9383301707779886,0.002846299810246644,-0.00888225897770179,0.01377571358617822,3.9148936170212765,6.575797872340425,-2.660904255319149,-3.1997672872340424,-2.1698803191489358,752
DENTEX,few_shot,llava,huatuogpt_vision,True,identical image set/order across models,0.9411764705882353,0.9144288577154308,0.02674761287280447,0.012564778553804685,0.03936419512277904,3.9148936170212765,6.06781914893617,-2.1529255319148937,-2.6875997340425535,-1.6261635638297873,752
DENTEX,few_shot,llava,dentvlm,True,identical image set/order across models,0.9411764705882353,1.0,-0.05882352941176472,-0.06932782588710583,-0.04966820361007044,3.9148936170212765,0.003989361702127659,3.910904255319149,3.6740691489361703,4.139627659574468,752
DENTEX,few_shot,llava_med,huatuogpt_vision,True,identical image set/order across models,0.9383301707779886,0.9144288577154308,0.023901313062557827,0.010031300558011672,0.03669086911382274,6.575797872340425,6.06781914893617,0.5079787234042552,-0.18759973404255317,1.1516289893617018,752
DENTEX,few_shot,llava_med,dentvlm,True,identical image set/order across models,0.9383301707779886,1.0,-0.06166982922201136,-0.06974932859107759,-0.05365803010029797,6.575797872340425,0.003989361702127659,6.571808510638298,6.135372340425532,7.042619680851064,752
DENTEX,few_shot,huatuogpt_vision,dentvlm,True,identical image set/order across models,0.9144288577154308,1.0,-0.08557114228456919,-0.09599803124000847,-0.07461613367221583,6.06781914893617,0.003989361702127659,6.0638297872340425,5.5837765957446805,6.555917553191489,752
DENTEX,zero_shot,llava,llava_med,True,identical image set/order across models,0.9397394136807817,,,,,2.3018617021276597,0.0,2.3018617021276597,2.0904255319148937,2.5279255319148937,752
DENTEX,zero_shot,llava,huatuogpt_vision,True,identical image set/order across models,0.9397394136807817,0.9539406345957011,-0.014201220914919377,-0.02967421073991305,-0.00022758191291113802,2.3018617021276597,2.478723404255319,-0.17686170212765928,-0.4229388297872338,0.0718417553191492,752
DENTEX,zero_shot,llava,dentvlm,True,identical image set/order across models,0.9397394136807817,1.0,-0.06026058631921827,-0.07244602836407421,-0.04951457110606377,2.3018617021276597,0.014627659574468085,2.287234042553192,2.071808510638298,2.5160239361702126,752
DENTEX,zero_shot,llava_med,huatuogpt_vision,True,identical image set/order across models,,0.9539406345957011,,,,0.0,2.478723404255319,-2.478723404255319,-2.6143949468085106,-2.3497007978723405,752
DENTEX,zero_shot,llava_med,dentvlm,True,identical image set/order across models,,1.0,,,,0.0,0.014627659574468085,-0.014627659574468085,-0.034574468085106384,0.0,752
DENTEX,zero_shot,huatuogpt_vision,dentvlm,True,identical image set/order across models,0.9539406345957011,1.0,-0.04605936540429889,-0.0569327718270316,-0.03660089279937893,2.478723404255319,0.014627659574468085,2.464095744680851,2.3363696808510634,2.5984375,752
Tufts,cot,llava,llava_med,True,identical image set/order across models,0.7856280193236715,0.7857142857142857,-8.626639061415364e-05,-0.0613837590191749,0.07032512826805416,2.602,0.308,2.294,2.03695,2.57,1000
Tufts,cot,llava,huatuogpt_vision,True,identical image set/order across models,0.7856280193236715,0.7762926121645425,0.009335407159129061,-0.01898237831297323,0.03546782548048854,2.602,7.492,-4.890000000000001,-5.35,-4.473925,1000
Tufts,cot,llava,dentvlm,True,identical image set/order across models,0.7856280193236715,0.7857142857142857,-8.626639061415364e-05,-0.21524377639894368,0.19548538672280807,2.602,0.011,2.5909999999999997,2.338,2.837025,1000
Tufts,cot,llava_med,huatuogpt_vision,True,identical image set/order across models,0.7857142857142857,0.7762926121645425,0.009421673549743215,-0.0633729845665341,0.06957839609327332,0.308,7.492,-7.184,-7.580075,-6.815925,1000
Tufts,cot,llava_med,dentvlm,True,identical image set/order across models,0.7857142857142857,0.7857142857142857,0.0,-0.21847002986348124,0.21514332761940547,0.308,0.011,0.297,0.205,0.4040999999999999,1000
Tufts,cot,huatuogpt_vision,dentvlm,True,identical image set/order across models,0.7762926121645425,0.7857142857142857,-0.009421673549743215,-0.2223941625534424,0.19004783188772123,7.492,0.011,7.481,7.1129,7.85025,1000
Tufts,few_shot,llava,llava_med,True,identical image set/order across models,0.7622172336384044,0.748780487804878,0.013436745833526387,-0.021844587920685412,0.04760710470924682,4.414,1.535,2.8789999999999996,2.602,3.1450000000000005,1000
Tufts,few_shot,llava,huatuogpt_vision,True,identical image set/order across models,0.7622172336384044,0.7456944964432797,0.01652273719512476,0.0002768441628482916,0.03107445281408625,4.414,7.967,-3.553,-3.9161500000000014,-3.2049250000000002,1000
Tufts,few_shot,llava,dentvlm,True,identical image set/order across models,0.7622172336384044,0.5,0.26221723363840443,0.24294222258911594,0.2810515992590079,4.414,0.002,4.412,4.226975,4.606,1000
Tufts,few_shot,llava_med,huatuogpt_vision,True,identical image set/order across models,0.748780487804878,0.7456944964432797,0.0030859913615983725,-0.031130064894181755,0.03830741772531571,1.535,7.967,-6.4319999999999995,-6.825025,-6.052825,1000
Tufts,few_shot,llava_med,dentvlm,True,identical image set/order across models,0.748780487804878,0.5,0.24878048780487805,0.21215681492613386,0.2851952018646149,1.535,0.002,1.533,1.336,1.752,1000
Tufts,few_shot,huatuogpt_vision,dentvlm,True,identical image set/order across models,0.7456944964432797,0.5,0.24569449644327968,0.2279190925647414,0.2633063711123005,7.967,0.002,7.965,7.663925000000001,8.294249999999998,1000
Tufts,zero_shot,llava,llava_med,True,identical image set/order across models,0.7981157469717362,0.7918313570487484,0.006284389922987743,-0.030714764162015334,0.043368187764884096,6.523,1.202,5.321,4.898975,5.76305,1000
Tufts,zero_shot,llava,huatuogpt_vision,True,identical image set/order across models,0.7981157469717362,0.7889777582995507,0.009137988672185404,-0.005101388766670062,0.02480555487348989,6.523,7.201,-0.6779999999999999,-1.040125,-0.26700000000000035,1000
Tufts,zero_shot,llava,dentvlm,True,identical image set/order across models,0.7981157469717362,0.8769230769230769,-0.07880732995134077,-0.16115772565048703,0.015201499441860583,6.523,0.057,6.465999999999999,6.107925,6.873025,1000
Tufts,zero_shot,llava_med,huatuogpt_vision,True,identical image set/order across models,0.7918313570487484,0.7889777582995507,0.002853598749197661,-0.03380136075303263,0.03953469022202527,1.202,7.201,-5.999,-6.26005,-5.722925,1000
Tufts,zero_shot,llava_med,dentvlm,True,identical image set/order across models,0.7918313570487484,0.8769230769230769,-0.08509171987432851,-0.17538570291763883,0.01755086038508042,1.202,0.057,1.145,0.9470000000000001,1.338025,1000
Tufts,zero_shot,huatuogpt_vision,dentvlm,True,identical image set/order across models,0.7889777582995507,0.8769230769230769,-0.08794531862352617,-0.17089556554348642,0.0076418908045851035,7.201,0.057,7.143999999999999,6.9389,7.345,1000
