strategy,model,disease,TP,FP,FN,TN,GT_pos,sensitivity,specificity,PPV,F1
zero_shot,LLaVA-1.5-7B,Impacted,1,187,641,23235,642,0.001558,0.992016,0.005319,0.00241
zero_shot,LLaVA-1.5-7B,Caries,98,787,2188,20991,2286,0.04287,0.963863,0.110734,0.06181
zero_shot,LLaVA-1.5-7B,Deep Caries,9,477,593,22985,602,0.01495,0.979669,0.018519,0.016544
zero_shot,LLaVA-1.5-7B,Periapical Lesion,3,280,163,23618,166,0.018072,0.988284,0.010601,0.013363
zero_shot,LLaVA-Med-v1.5-7B,Impacted,0,0,642,23422,642,0.0,1.0,,0.0
zero_shot,LLaVA-Med-v1.5-7B,Caries,0,0,2286,21778,2286,0.0,1.0,,0.0
zero_shot,LLaVA-Med-v1.5-7B,Deep Caries,0,0,602,23462,602,0.0,1.0,,0.0
zero_shot,LLaVA-Med-v1.5-7B,Periapical Lesion,0,0,166,23898,166,0.0,1.0,,0.0
zero_shot,HuatuoGPT-Vision-7B,Impacted,2,631,640,22791,642,0.003115,0.97306,0.00316,0.003137
zero_shot,HuatuoGPT-Vision-7B,Caries,70,505,2216,21273,2286,0.030621,0.976811,0.121739,0.048934
zero_shot,HuatuoGPT-Vision-7B,Deep Caries,13,377,589,23085,602,0.021595,0.983931,0.033333,0.02621
zero_shot,HuatuoGPT-Vision-7B,Periapical Lesion,5,351,161,23547,166,0.03012,0.985313,0.014045,0.019157
zero_shot,DentVLM,Impacted,0,4,642,23418,642,0.0,0.999829,0.0,0.0
zero_shot,DentVLM,Caries,0,1,2286,21777,2286,0.0,0.999954,0.0,0.0
zero_shot,DentVLM,Deep Caries,0,5,602,23457,602,0.0,0.999787,0.0,0.0
zero_shot,DentVLM,Periapical Lesion,0,1,166,23897,166,0.0,0.999958,0.0,0.0
few_shot,LLaVA-1.5-7B,Impacted,11,134,631,23288,642,0.017134,0.994279,0.075862,0.027954
few_shot,LLaVA-1.5-7B,Caries,94,652,2192,21126,2286,0.04112,0.970062,0.126005,0.062005
few_shot,LLaVA-1.5-7B,Deep Caries,67,1771,535,21691,602,0.111296,0.924516,0.036453,0.054918
few_shot,LLaVA-1.5-7B,Periapical Lesion,12,387,154,23511,166,0.072289,0.983806,0.030075,0.042478
few_shot,LLaVA-Med-v1.5-7B,Impacted,8,474,634,22948,642,0.012461,0.979763,0.016598,0.014235
few_shot,LLaVA-Med-v1.5-7B,Caries,286,2930,2000,18848,2286,0.125109,0.865461,0.08893,0.103962
few_shot,LLaVA-Med-v1.5-7B,Deep Caries,29,1469,573,21993,602,0.048173,0.937388,0.019359,0.027619
few_shot,LLaVA-Med-v1.5-7B,Periapical Lesion,2,72,164,23826,166,0.012048,0.996987,0.027027,0.016667
few_shot,HuatuoGPT-Vision-7B,Impacted,89,1825,553,21597,642,0.138629,0.922082,0.046499,0.06964
few_shot,HuatuoGPT-Vision-7B,Caries,299,2015,1987,19763,2286,0.130796,0.907475,0.129213,0.13
few_shot,HuatuoGPT-Vision-7B,Deep Caries,35,705,567,22757,602,0.05814,0.969951,0.047297,0.052161
few_shot,HuatuoGPT-Vision-7B,Periapical Lesion,4,18,162,23880,166,0.024096,0.999247,0.181818,0.042553
few_shot,DentVLM,Impacted,0,1,642,23421,642,0.0,0.999957,0.0,0.0
few_shot,DentVLM,Caries,0,0,2286,21778,2286,0.0,1.0,,0.0
few_shot,DentVLM,Deep Caries,0,2,602,23460,602,0.0,0.999915,0.0,0.0
few_shot,DentVLM,Periapical Lesion,0,0,166,23898,166,0.0,1.0,,0.0
cot,LLaVA-1.5-7B,Impacted,1,26,641,23396,642,0.001558,0.99889,0.037037,0.00299
cot,LLaVA-1.5-7B,Caries,8,65,2278,21713,2286,0.0035,0.997015,0.109589,0.006783
cot,LLaVA-1.5-7B,Deep Caries,6,46,596,23416,602,0.009967,0.998039,0.115385,0.018349
cot,LLaVA-1.5-7B,Periapical Lesion,0,32,166,23866,166,0.0,0.998661,0.0,0.0
cot,LLaVA-Med-v1.5-7B,Impacted,0,0,642,23422,642,0.0,1.0,,0.0
cot,LLaVA-Med-v1.5-7B,Caries,0,1,2286,21777,2286,0.0,0.999954,0.0,0.0
cot,LLaVA-Med-v1.5-7B,Deep Caries,0,1,602,23461,602,0.0,0.999957,0.0,0.0
cot,LLaVA-Med-v1.5-7B,Periapical Lesion,0,6,166,23892,166,0.0,0.999749,0.0,0.0
cot,HuatuoGPT-Vision-7B,Impacted,42,811,600,22611,642,0.065421,0.965374,0.049238,0.056187
cot,HuatuoGPT-Vision-7B,Caries,103,467,2183,21311,2286,0.045057,0.978556,0.180702,0.072129
cot,HuatuoGPT-Vision-7B,Deep Caries,62,1117,540,22345,602,0.10299,0.952391,0.052587,0.069624
cot,HuatuoGPT-Vision-7B,Periapical Lesion,8,795,158,23103,166,0.048193,0.966734,0.009963,0.016512
cot,DentVLM,Impacted,0,0,642,23422,642,0.0,1.0,,0.0
cot,DentVLM,Caries,0,0,2286,21778,2286,0.0,1.0,,0.0
cot,DentVLM,Deep Caries,0,0,602,23462,602,0.0,1.0,,0.0
cot,DentVLM,Periapical Lesion,0,0,166,23898,166,0.0,1.0,,0.0
