Approach,Metric,Value,CI_Lower,CI_Upper,Standard_Error,Margin_Error,TP,FP,FN,TN,Sample_Size
RAW,F1-Score,0.0,0.0,0.0,0.0,0.0,0,721,0,879,1600
RAW,Precision,0.0,0.0,0.0,0.0,0.0,0,721,0,879,1600
RAW,Recall,0.0,0.0,0.0,0.0,0.0,0,721,0,879,1600
RAW,Accuracy,0.549375,0.5249947492914987,0.5737552507085012,0.012438903422704711,0.024380250708501233,0,721,0,879,1600
TH15,F1-Score,0.0,0.0,0.0,0.0,0.0,0,137,0,1463,1600
TH15,Precision,0.0,0.0,0.0,0.0,0.0,0,137,0,1463,1600
TH15,Recall,0.0,0.0,0.0,0.0,0.0,0,137,0,1463,1600
TH15,Accuracy,0.914375,0.9006643342299007,0.9280856657700994,0.006995237637805808,0.013710665770099382,0,137,0,1463,1600
TH30,F1-Score,0.0,0.0,0.0,0.0,0.0,0,609,0,991,1600
TH30,Precision,0.0,0.0,0.0,0.0,0.0,0,609,0,991,1600
TH30,Recall,0.0,0.0,0.0,0.0,0.0,0,609,0,991,1600
TH30,Accuracy,0.619375,0.5955835138734594,0.6431664861265406,0.012138513329867666,0.023791486126540626,0,609,0,991,1600
