Strategy,Metric,Value,CI_Lower,CI_Upper,Standard_Error,Margin_Error,Sample_Size
baseline,F1-Score,0.0,0,0.0,0.0,0.0,320
baseline,Precision,0.0,0,0.0,0.0,0.0,320
baseline,Recall,0.0,0,0.0,0.0,0.0,320
few_shot,F1-Score,0.0,0,0.0,0.0,0.0,320
few_shot,Precision,0.0,0,0.0,0.0,0.0,320
few_shot,Recall,0.0,0,0.0,0.0,0.0,320
chain_of_thought,F1-Score,0.0,0,0.0,0.0,0.0,320
chain_of_thought,Precision,0.0,0,0.0,0.0,0.0,320
chain_of_thought,Recall,0.0,0,0.0,0.0,0.0,320
hybrid,F1-Score,0.0,0,0.0,0.0,0.0,320
hybrid,Precision,0.0,0,0.0,0.0,0.0,320
hybrid,Recall,0.0,0,0.0,0.0,0.0,320
